	ulasan	Sentimen
0	tempat bawa mobil surabaya sumenep parkir mukim warga arah pantai sembilan biaya parkir ribu nyebrang orang ribu ribu lupa lupa bawa pancing laut bagus banget lupa bawa sunblok panas banget awas makelar bos hahahaa	Positif
1	pantai bagus air jernih bersih asri alaminyaman santa libur keluarga teman	Positif
2	pantai bagus weekday sepi enak asa pantai pribadi cuman akses bagus traveling individu tunggu perahu penuh berangkatjadi enggak ada jam berangkat tunggu labuh	Positif
3	pantai indah letak pulau gili genting tenang bersihuntuk mencapainyaperlu seberang kapal labuh tanjung sumenep	Positif
4	pantai bersih tenang cocok healing hindar ramai kota	Positif
5	sumenep salahsatu kabupaten wisata indah nikmat salah satu gili genting pantai sembilan sumenepnya nyebrang menit ohiya perahu cuman angkut manusia	Positif
6	bagus biaya masuk murah sedia inap ribu malam	Positif
7	pantai indah nyaman kunjung teman keluarga cinta sport berfotofoto ria wahana main seru main rumah sewa	Positif
8	masuk kesini kasih gratis jaga pantai banget nama bang saipul haha terima kasih bang direpotin jaga pantai hahaha suruh antar laut rumah apung	Positif
9	pantai bagus pasir putih ombak gede akses nyebrang labuh tanjung gaes	Positif
10	pantai bagus lumayan bersih sayang luastiket masuk rbtersedia inap ribu kamar mandi ribu kamar mandi	Positif
11	pantai bagus infrastrukturx bangaus banyakx sampah wisatax bersih	Negatif
12	pantai sungguh cantik kelola fasilitas lengkap cocok jadi libur keluarga rekan sahabat saran tambah spot spot foto moga indah penampilannyasehingga pesona recommended for healing	Positif
13	tempat sejuk bawah pohon laut hembus angin milir pantai ac alami allah hampar pandang laut luas pulau mushalla ibadah air tawar bersih kedai makan makan berat nasi bakso mieso soto dll pondok nginapnya gaes	Positif
14	bagus banding pantai madura rusak pantai salah awat minimal kamar mandi inap bersih jaga fasilitas mck musholla lumayan bersih layak akses labuh mudah	Positif
15	pantai bersih pasir putih laut biru inap jajan camp lengkap banget sana jatuh cinta pandang pantai	Positif
16	keren tempat libur keluargasempat makan siang gazebo kuliner muantabekudaranya sejuk next fasumnya tambah perhati	Positif
17	air pantai biru indah banget kesana pas weekday sepi warung tutup masuk gratis jaga bayar ongkos perahu	Positif
18	deg deg an seberang pulau perahu aman orang tua maksud akses turun perahu darat susah puas pandang pantai	Positif
19	pantai ombak tenang murah tiket masuk seberang pasir putih sedia inap tepi pantai murah bagus tingkat bersih tepi pantai kelola moga asri kembang maju	Positif
20	view cantik fasilitas enggak apa bayar cantik alam	Positif
21	salah pantai sumenep madura bagus bersih pantai sembilan gili trawangan lombok alternatif jauh lombok hehehe butuh menit menyebrang pantai sembilan tiket	Positif
22	pantai bagus beningtapi renang butek soale isi lumpur bawahepenginapannya puanas dapetnya pojok	Negatif
23	pantai bersih akses kesana sulit ojek antar labuh kendara pakai bis pakai ojek	Positif
24	surga sembunyi pantai sembilan sungguh bagus bersih pandang awan cerah laut biru pasir putih sungguh manja mata kesana seberang biaya kapal ribu orang	Positif
25	nyebrang pakai perahu pantai lombang mending lombang	Negatif
26	pantai pasir putih indah cuaca cerah gazebo teduh sedia inap wisatawan kunjung sedia warung jual makan minum ramah kantong tempuh kapal boat labuh tanjung saronggi	Positif
27	destinasi bagus libur tempat bersih pantai bagus air jernih kesana pakai motor bawa bayar uang tambah menyebrangan perahu sana keliling pulau giligenting	Positif
28	pantai sembilan salah wisata wajib kunjung pergi sumenep seberang pulau gili labak perahu jalan menit	Positif
29	lumayan enak camp bawa tenda kapal sedia jam sore harga ribu orang karcis masuk pantai rborng nginep ac	Positif
30	tempuh jam labuh tanjung sumenep madura akses kendara tanjung mudah angkot ojek harap perhati banyak daerah cuaca cerah pantai	Positif
31	salah destinasi wisata kabupaten sumenep wajib kunjung tepat kecamatanpulau gili genting desa bringsang kabupaten sumenep kesana tempuh labuh tanjung saronggi sumenep	Positif
32	jalan nikmat indah samudera pantai ombak tenang main banana boats worth fall love with samudera	Positif
33	pantai keren bersih cottage nyaman makan oke suasana pantai vibesnya banget	Positif
34	pantai baguuusfasilitas lengkapsudah penginapanbisa ngecampharus nyebrang labuh tanjung saronggi kab sumenepsktr nyebrang pulaumotorpun pulau	Positif
35	wisata pantai rekomended view pantai pasir halus bersih warna instagramable cocok wisata keluarga	Positif
36	pantai pasir putih air laut biru bersih hilang stressdsini cuaca panas banget sianglbih bagus sore prahu trakhir jm sore inap pnginapan dpinggir pntqi prmalam prahu ribu orang jm pnumpqng carter	Positif
37	pantai pulau sembilan butuh mnit pulau madura labuh tanjung saronggi sumenep kapal biaya ribu pantai bersih laut biru toko cemilan harga jangkau	Positif
38	wisata pantai pulau gili genting tepat desa bringsang kabupaten sumenep pantai yuang luas kesan kenang manis wisata lokal kota puas	Positif
39	pantai indah layak kunjung pacar sahabat keluarga pasir putih laut biru manja mata spot foto santa saung biaya masuk	Positif
40	pantai asik sepi unjung camping inap keliling pesisir pantai duduk ramah rawat pantai pagi nyapuin sampah pesisir pantai bawa air laut	Positif
41	pantai lumayan bagus selfi keren hasil ambil angle pas infrastruktur pada air bersih toilet pada pas sedia mushola jalan lumayan masjid wajib bawa topi kacamata hot banget	Negatif
42	pantai bagus lumayan sampah tolong buang sampah tempatnyapp nyebrang kapal menit mual biasa	Negatif
43	mantap jiwakeren	Positif
44	pantai bersih	Positif
45	pantai bersih fasilitas homestay berac nonac kamar mandi toilet musola warung menu relatif sederhana rujak nasi campur lauk telor ayam rawon pesan ikan bakar sarana main laut banana boat snorkeling spot foto mantap recomended	Positif
46	ketjeeee woy gila main tanoa rencana banget iseng doang main sumenep rejeki anak sholehah mana diajakin main pantai keren takjub akses kesini mudah murah	Positif
47	pantai letak pulau madura tepat kab sumenep camat gili genting eksotik sempat wisata madura sempat pulau desa	Positif
48	wisata pantai keren kabupaten sumenep lengkap inap pantai nyeberang perahu bawa kendara titip rumah warga seberang harga murah jangkau	Positif
49	pantai recommended pengin liburanwarganya ramahramah murah riah jugaada inap bawa tenda fasilitas	Positif
50	hi maduratepatnya daerah sumenep yaajauuuhh banget gaeskarena jombang bayar indah elo pantai inihamparan pasir putih bentang luas akan sambut datang	Positif
51	pantai bersih pagi pagi saksi tukang sapu bersih pantai	Positif
52	sumenep guys jalan kaki dikit kapal pakai kapal muat orang bayang kapal duduk leha cantik pakai	Positif
53	pantai alami suejuk indah matahri terbitmalamnya indah sunyi	Positif
54	tarik bebas hiruk pikuknya kota janji sunrise sunset indah pantai bersih air jernih	Positif
55	beautiful place ekspetasi sunset sunrise pantai inap menit penyebrangan sumenep biaya masuk murah nyebrangin motor wilayah pantai luas gubuk buat akomodasi untung pantai jelek	Positif
56	pantai bersihfasilitas dermagatoiletnya bersih luasairnya bagus fasilitas mesin cucu	Positif
57	pantai bersih pandang indah cuaca cerahmakanan standartnasi campur mie instan harga terjangkaubuat ngopi obrol asyik	Positif
58	kenang lupa pantai indah pesona pantai tempuh jam gili labak kendara kapal feri pesan pantai sembilan sore ombak dahsyat inap pagi aman sore resiko	Positif
59	bersih banget pantai air jernih banget biru sana cottage malam harga cottagemalam gili genting gili labak pesona	Positif
60	nyebrang dermaga jam tempat bagus banget kesana inap semalem ribu ribu ribu orang	Positif
61	pantai bersih bagus indah udara segar polusi siang panas pohon teduh akses lokasi perahu kayu seberang menit sedia inap malam nikmat pandang panti malam	Positif
62	pantai luaspasirnya putih butir kasar fasilitas yahud ukur kabupaten sumenep spot foto atv inap banana boat camping ground toilet dll akses labuh	Positif
63	bagus pemandanganbisa nginep tempatsmoga depan bagus	Positif
64	wisata bagus sepi bersih	Positif
65	kerennnnnnpantai bersih sepi nyaman libur homestay ribu malambiaya jangkau	Positif
66	pantai bagusada bungalow inap bungalow orang harga ktergantung fasilitas	Positif
67	tampatnya cantik kayak bal lombok pantai bersih panteslah wisata go internasional	Positif
68	hopping island labuh tanjung mampir pantai sembilan gili genting gili labak wisnan kesini jarak cuman jalan pantai pasir putih ombak relatif tenang	Positif
69	bagus refreshing sayang inap awat pas suka backpackeran	Negatif
70	pantai bersih sampah unjung sedia sampah tinggal sadar wisatawan inap sedia berac fasilitas toilet kunjung wisatawan	Negatif
71	pantai tempuh jalan laut menit tanjung saronggi pantai pasir putih spot selfi instagramable inap malam nikmat suasana pantai beda malam	Positif
72	pantai sepi inap pulau gili gentingombaknya tenang bangetpasirnya putih	Positif
73	good place for relaxing your mind pantai sembilan gili genting sebarang tanjung	Positif
74	pantai pasir putih jernih masihada inap weekend rame main banana boatklo libur murah riah kesini	Positif
75	gili labak gili gentingberada belah timur pulau madura pulau beda	Positif
76	pantai indah pulau gili genting lumayan ramai unjung saungsaung duduk santaiada inap turis inap lumayan bagus mepet	Positif
77	pantai kota sumenep smuanya keren air jernih pantai bersih	Positif
78	nice scenery for photo spot fasilitas lengkap	Positif
79	tempat asyik libur keluarga pacar plus selingkuh keren pantai sembilan kades	Positif
80	untung keluarga nikmat pantai akan pantai milik pribadi keren banget tempat bersih air jernih panas pasir putih bersih wow banget ditemenin kepala desa langsung wow amazing banget	Positif
81	overall baguskebersihan perhati lagifasilitas butuh perhati	Positif
82	pantai sembilan salah pantai pulau biaya masuk inap jangkau kantong mahasiswaagar capai lokasi teman labuh bluto sumenep	Positif
83	pulau gili genting pantai sembilan pilih tenang pikir privat fasilitas pada banget ramah kantong	Positif
84	harga inap jangkau tiket menyebrang kapal warung buka jam	Positif
85	pantai baguscocok berenangsantaifotopenginapan sedia harga rbrbdan jtperjalanan stngh jam labuh saronggi	Positif
86	orang ramah makan standart mahal khawatir makan jajan jual sana libur buka jam	Positif
87	pulau tengah laut madura pandang indah suasana tenang inap libur hari malam pinggir pantai	Positif
88	bersih desain unik panas foto foto siang incar turis bawa sunblock jajajan sana jual harga mahal pandang eksotis kapal	Positif
89	sunrisenya oke banget ayo libur pantai sembilan bareng madura vacation tour travel pantai sembilan sedia cottage tarif ribu malam cottage	Positif
90	tempat bagus tiket masuk lumayan uras kantong puas pandang suguh potret take a picture	Positif
91	kota diri pantai sembilanpuas bangetpantainya bersihairnya biru jernih	Positif
92	pantai sembilan sumrnep madura wisata saji pandang panorama eksotis indah pantai cantik pasir butihnya bersih sedia wahana main banana boat ayun perahu dayung	Positif
93	suka pantai jalan trvlng modal ribu trmsk biaya keliling sumenep sktr kali	Positif
94	pantai ancol versi haha jalan seru bayar ribu idah nyebrang pulau genting masuk pantai sembilan bayar ribu gantibilas siap uang ribu	Positif
95	pantai takingnya kelola dperbaeki	Negatif
96	pantai bagus cocok libur keluarga sahabat sedia inap kjam isi orang bro mantap banget viewnya	Positif
97	pandang masyaallah bagus banget surga dunia	Positif
98	pantai bagus inap moga kunjung	Positif
99	surga sembunyi ujung pulau madura	Positif
100	bagus indah kelola inap dingin ruang cocok libur keluarga kantor masyarakat ramah	Positif
101	pantai pasir putih indah penyebrangan kapal sebentar teman kunjung jaga bersih pantai buang sampah sedia	Positif
102	alam indah asri	Positif
103	kabupaten pamekasan kak kabupaten sumenep pengin unjung pantai sembilan hasil kecewa berangkat ribu pulang ribu karcis pantai ribu janji kesini	Negatif
104	pantai bagus cuaca panas jarang angin hembus coba selam dasar laut air bibir pantai sungguh kecewa sampah sampah plastik mohon	Negatif
105	bagus rapi wisata fasilitas pada sayang guna plastik kawasan bahaya sehat lingkung es degan	Negatif
106	indah pantai bersih air laut jernihcocok pengin libur tenang wisatawan	Positif
107	gili genting pantai sembilan istimewa libur tiket masuk ribu rupiah	Positif
108	penyebrangan pp ktiket masuk kpenginapan harga full ac	Positif
109	bagus awat bersih pasir sampah	Negatif
110	salah objek wisata madura sumenep hampar pasir putih pantai milik uni sendiri garis pantai milik bentuk angka sembilan laguna air tengah destinasi	Positif
111	tempat bagus surut air bersih ombak sayang rantingranting daundaunan enak sampah plastik	Positif
112	its a beautifull beach can be next destination after bal island air jernih kolam renang air tenang ombak aman anak renang awesome	Positif
113	nyaman hangat malam recomended banget lepas penat view pantai bagus suasana malam nyaman fsilitas inap oke banget plus ramah kades warga	Positif
114	masyaallah kepiting cumicumi lupa kunjung kesini bawa pancing umpan udang jaring ikan	Positif
115	malam eksotis pengin	Positif
116	pantai bersih spot foto bagus sedia inap kawasan pantai beli makan	Positif
117	pantai bersih bagus nyaman sekalitempat sampah wisatawan buang sampah laut souvenir minim banget susah cari olehkenangan pantai sembilan	Negatif
118	pantai indah sunset sunrise lumayan panas lupa bawa sunscreen hitam	Positif
119	tempat indah banget top layak banget libur hilang stres keluarga pacar	Positif
120	butuh jam jalan darat malam surabaya terminal bungurasih sampang madurasetelah perahu jam pantai sembilan	Positif
121	pantai sembilan butuh penyebrangan menit perahu tiket masuk jangkau pantai bersih awat sedia inap loji meskipu kawasan	Positif
122	pantai ok libur air aman renang	Positif
123	tempat bersih pagi sore mobil angkut sampah ombak tenang harga jangkau	Positif
124	lingkung pantai bersih sampah berserakanbagus foto banana boat atv	Positif
125	pantai apik bersih cocok poto instagramable inap pokok e siippppp	Positif
126	murah riah banana boat makananminuman inap sayang khas pantai sembilan	Positif
127	akomodasi kapal ribu tiket masuk pantai ribu inap ribu sewa kamar rate harga rbmalam boleh diri tenda sendiribanyak tokowarung makan	Positif
128	bagus banget pantai perahu pp tiket masuk	Positif
129	salah wisata baik pulau giligenting pantai sembilankejernihan laut merefresh penat	Positif
130	tempat rekomended wisata pokok emakanan murah enak sesuai harga	Positif
131	pantai indan mudah jangkau bersih lengkap istirahat gazebo resort masuk ribu toilet bersih	Positif
132	pantai ujung madura pulau indah rugi kesanasangat saran unjung pulau	Positif
133	superrr bagus mah benar kesini antangin jalan perahu jam kena angin mutah over all super oke tempat donat boat banana boat rborg jamin puas banget diputerin lamaaaaaaa	Positif
134	pantai luas air bening fasilitas pada instagramable cari sampah menit kapal	Positif
135	bagus pasir pantai kotor	Negatif
136	pesawat surabaya sumenep kapal pulau giliginting touring motor motor dinaikin kapal	Positif
137	tempat bersih cocok refreshing keluarga air tenang bahaya anak anak	Positif
138	pantai bersih seruh main banana boat duduk santa inap keren	Positif
139	wisata kabupaten sumenep enak libur keluarga teman libur	Positif
140	bagus nyaman kurang tugas bersih tata kelola kuliner bagus kuliner jual sana madura makan aksesoris gelang manik dll	Negatif
141	pantai sembilan letak pulau gili genting camat gili genting kabupaten sumenep pantai pasir putih akses mudah mudah orang kunjung destinasi	Positif
142	pantai bagusdi pulau madura exotis tawan menyebrang prahu	Positif
143	pantai bagus banget kayak lombok akses mudah murah banana boat atv ayun resort makan murah rekomen banget	Positif
144	pantai bagus indah fasilitas kondisi memperihatinkan rusak	Negatif
145	pandang pantai baguuss serasa pulau lmyan panas siang ksana hehehe	Positif
146	pulau pantai indah pasir putih bagus banget cocok libur keluarga tercintatp sayang inap mahal kamar mandi kamar mandi kotor tingkat bersih pengunjungya nyaman	Negatif
147	pantai pasir putih nuansa alam alami masyarakat ramah	Positif
148	pantai laut bilang standar spot foto area pantai laut unik pantai sembilan cottage warna warni lucu sayang ramai orang foto orang lokal pantai sembilan ramai unjung	Positif
149	salah destinasi patut kunjung wisatawan kunjung madura pantai panorama indah air biru pasir putih untung cuaca cerah saji pandang kagum	Positif
150	pantai bagussayangnya sampah sampah banyakarea karang tandanamun perahu perhati nabrak karang susah gerak sadar unjung jaga indah pantai	Negatif
151	gili gentingpantai sembilan wisata ombak landai snorklingatau renang	Positif
152	pantai bersih bagus nyaman keluarga	Positif
153	pantai pasir putih air biru tempat bagus bersih inap jet ski inap unjung sore kurang belakang hotel kubur orang jurang nyamansaran banyak sampah sampah tampung	Positif
154	jernih banget air sampah laut	Negatif
155	pulau madura banyak orang kenal pulau karapan sapi bebek sinjaynya pulau madura potensi pulau pisah pulau jawa pulau	Positif
156	jalan nyebrang serupantai rekomendasi kunjung bareng keluargamurah muas	Positif
157	pantai bersih suasana tenang masyarakat ramah bagus istirahat pulau wisata damai	Positif
158	indah inap harga relatif jangkau pandang bagus keren honeymoon renang berhatihati daerah pantai huni babilaut landak laut	Positif
159	bagus bersih pantai	Positif
160	pantai bagus cantik tambah saranasarana tarik minat unjung	Positif
161	soo beautiful suguh pandang pantai indah khawatir malam sedia inap nyaman suguh hampar pasir putih debur ombak tenang	Positif
162	pantai asyik maduraya pantai sembilan donkasyik	Positif
163	kereenada banana boat dlltp sayang kesana siang haripuanass bgtdan berangkat pulang susahnunggu penuh kapal brgkt	Negatif
164	bagus tiket murah rp orang biaya kapal angkut labuh saronggi pantai rp orang sana nyaman sesi potret	Positif
165	pasir pantai bersih putih ombak tenang asik libur teman sumenep pokok agam fasilitas sedia dalam home stay toilet warung makan	Positif
166	indah banget sesal deh kesana inap	Positif
167	ombak tenang pandang bagus sunrise sunset kesan kangen deh	Positif
168	keren bersih ramah anak keluarga	Positif
169	bagus bersih air jernih kamar mandi bersih top deh pokok	Positif
170	bagus healing cari tenang pantai ombak tenang sepi	Positif
171	pantai ujung gili genting bentuk sang kepala desa sedia warung jual aneka jajan harga normal sedia inap tepi pantai penyebrangan sumenep labuh kalianget	Positif
172	pulang ponakantahun pulang suami	Positif
173	pantai bagus banget sesal jalan surabaya sumenep nyebrang pakai pantai sedia inap sewa unjung warungwarung makan sedia pasir	Positif
174	exited parah pas kesini tempat bagus banget unjung kayak pulau pribadi	Positif
175	sumpah sebal banget vila jm siang salah ac acnya nyala bukanx cek siang panas dingin tunggu sore uangx kembali tidur masak	Negatif
176	surga sembunyi ujung timur pulau madurapulau gili genting namanyapantai pasir putihbersihada resortnyawajib kunjung sumenep madura	Positif
177	pantai indah pasir putih laut biru bening asri	Positif
178	laut hijau hijau biru pandang bagus tiket masuk murah riah kamar mandi bersih pasir pantai nemu sampah piring kaca moga bagus depan	Positif
179	pantai lumayan bagus singgah snorkeling gili labak	Positif
180	pantai bersih suasana ramai cocok escape weekend	Positif
181	bagus pantai akses pulau mudah gili	Positif
182	bersih jaga unjung	Negatif
183	pantai perahu perahu barang labuh tanjung pulau gili genteng operasi pagi sore	Positif
184	wisata indah pasir putih cocok suka selfie	Positif
185	wisata cocok hasil problematika hidup	Positif
186	pantai sembilan kerren mengunjui inap malam pandang pantai sembilan asri pasir putih laut biru manja mata lepas stres	Positif
187	pantai bagus pulau ramah nyaman harga makan kelas pariwisata harga main getok alias sahabat	Positif
188	kaya indah gugus pantai perintah sumenep rawat kembang bentuk jaga cipta allah swt bangga	Positif
189	pantai bagus terawatcocok libur keluargaada banana boatnya seru banget warung komplit inap mck bersih awat	Positif
190	recomended wisata uras kantong	Positif
191	perahu pantai sembilan pp tiket masuk pantai nikmat murah riah	Positif
192	bagus sekalisaya pulang pantai sembilan	Positif
193	pantai bersih bagus senang	Positif
194	pantai bersih ramai keindahaannya ragu kika niat lupa buang sampah jaga kualitas keindahaan pantai	Positif
195	pasir putih villa gazebo layak	Positif
196	tempat asikk keluarga pantai putih bersih cocok libur keluarga teman rekan kerja pandang senja indah	Positif
197	bagus murahtp sayang sampah bawah air laut bibir pantai abai	Positif
198	pantai nyaman pas weekdays duduk ramah	Positif
199	indah lewat perahu	Positif
200	seru jalan pantai sembilanharga pas kantong	Positif
201	makan murah enak jugasuasanya enak banget malemuh suka	Positif
202	bening banget snorkeling langsung renang basah area potret	Positif
203	keren bangetpantai noda aslisemoga masyarakat jaga indah	Positif
204	bagus pantai kadang manage	Negatif
205	main panatai nginap meikmati sunset	Positif
206	pantai indah tengah pulau giligenting sumenep madurafasilitas lengkap murah	Positif
207	lumayan bagus bagus lumayan deh	Positif
208	sejuk sedia inap akses menyebrang laut	Positif
209	bagus fasilitas awat	Negatif
210	ahamdulilah turut pantai sembilan pantai mengunakan kapal harga jangkau ribu orang	Positif
211	bagus pantai jalan tempuh jam perahu biaya pp perahu ribu	Positif
212	cocok banget lepas penat	Positif
213	pantai pasir putih letak pulau giligenting kabupaten sumenep air jernih snorkelling diving	Positif
214	tempat bagus cocok renang anakanak	Positif
215	bagus banget wisata	Positif
216	pantai tenang pasir putih nyaman renang	Positif
217	bersih warga ramahmakanan minum bilang bersahat daerah wisata	Positif
218	pantai sembilan pulau gili genting harga makan murah view bagus banget sunset inap standar check fleksibel kamar ready sewa tenda dome minat camping minus smpah mana sampah sedia banget	Positif
219	pasir putih alami bising kota udara bersih view bagus nikmat indah pantai santap ikan segar langsung masak	Positif
220	wisata pantai favorit keluarga pasir bersih ombak tenang inap jangkau	Positif
221	nyaman wisata keluarga	Positif
222	tempat bersih nyaman rekreasi keluargatersedia penginapannyawah pokoke manteeeep	Positif
223	bagus air jerni pasir putih sarana toilet mahal	Positif
224	pagi pantai bersih bebas sampah pokok syukak banget	Positif
225	pantai bersih pasir putih laut biru	Positif
226	mantap	Positif
227	trip gili labak bagus sepi	Positif
228	oh surga duniawi manja mata unjung	Positif
229	pulau terlupakanjangan tinggal perahu perahu penyebrangan jam jam	Positif
230	pantai super duper bagus paraahhhh	Positif
231	pantai sembilan workshop libur diskusi kerja air laut bening tempat nyaman suasana bagus sunset	Positif
232	pantai indah bersih pasir putih	Positif
233	tata keren ubah	Positif
234	wisata pantai manja mata	Positif
235	puanas bangetpasirnya putihtp lumayan obyek foto	Negatif
236	mantap healing gesss	Positif
237	bagus inap asyik	Positif
238	bagus banget low budget orang orang ramah	Positif
239	bersih cuman transit foto makan gili labak	Negatif
240	pantai cantikditambah display oke ditambahin fasilitas layan	Positif
241	keren banget air jernih pasir putih bersih	Positif
242	cantik nyaman wajib coba pantai sembilan giligenting sumenep	Positif
243	jossterkangkauindah	Positif
244	indah banget pantainyaairnya biru	Positif
245	hati ombak mending nyebrang perahu mabuk laut	Positif
246	pantai kunjung suka pantai pandang bersih atur fasilitas sedia sampah very excellent	Positif
247	pantai bagustapi cuaca panascocok ngitamin kulit	Negatif
248	pantai bersih inap sedia jual masyarakat ramah	Positif
249	wisata murah puas pantai negeri sewa banana boot sborkling inap	Positif
250	fasilitas inap bagus unik pantai bersih aktivitas main pantai main banana sewa atv	Positif
251	kerren mantap banget tempat	Positif
252	indah pantai nyaman malam inap	Positif
253	fasilitas pandang bagus inap	Positif
254	pulau asri duduk ramah pancing angler anhler mania rekomended pancing spot spot mancing janji	Positif
255	bersih indah sejuk kuliner lengkap murah riah	Positif
256	spot pantai pasir putih bagus keluarga	Positif
257	bagus bersih cocok nikmat udara pantai	Positif
258	pantai menyenangkanindah	Positif
259	pantai bagus gazebo duduk beramairamai photo booth unik inap kamarkamar villa apa nama biaya situ	Positif
260	pantai sembilan indah homestay istimewa harga jangkau	Positif
261	pantai bagus air jenih cuman snorkeling dkk	Positif
262	nyamanasri pantai bersih	Positif
263	view bagus air laut bersih inap	Positif
264	asyik libur santa dar habis luang	Positif
265	pantai cocok wisata keluarga	Positif
266	gerah angin	Negatif
267	keren banget pandang yagesya	Positif
268	fasilitas pada tiket masuk murah lumayan bersih pantai	Positif
269	spot foto makan harga standar	Positif
270	pantai bersih tenang cocok honeymoon libur keluarga	Positif
271	pas libur keluarga laut tenang indah pantai	Positif
272	wisata pantai bagus banget kabsumenep	Positif
273	laut jernih tempak wisata pasirada inap banana boatyang hoby mancing puas	Positif
274	amazing landscape amazing peoples love layak kunjung	Positif
275	pantai bersih bagus tambah toko souvenir dll kuta bal	Positif
276	sumpah pandang bagus banget harga makan aman kantong	Positif
277	suka penginapanya air jernihh	Positif
278	pantai bagus bersihklu unjung sadar wisata bersih terjagacm unjung tinggal bekas bungkus makan sembarang	Positif
279	bagus wisata keluarga	Positif
280	sepi banget tumben rombong orang pantai bagus laut bagus inap cantik unik bentuk seru coba inap deh kali	Positif
281	pantai bersih tiket masuk pantai kena bea kada sedia makananmau stay harga variasi pantai orang menjauhdekat pantai hrg tinggal duduk gantung nego	Positif
282	pantai indah duduk ramah	Positif
283	sunset sunrisenya cantik banget pasir putih ombak lembut buat malam minggu rame banget tidur pinggir pantai pagi spot selfie wahana main air	Positif
284	panti bersih villa nyaman suasana malam bagus	Positif
285	rekomendasi destinasi wisata kabupaten sumenep nyaman senang	Positif
286	pantai bagus lumayan bersih sampah unjung suka buang sampah laut harga tiket non weekend rame tiket sewa sampan laku kali	Positif
287	pantai sembilan perahu reguler berangkat labuh tanjung saronggi tarif ribu orang dewasa perahu bawa sepeda motor parkir mobil daerah	Positif
288	bagus pokok butuh vitamin sea	Positif
289	syukur seberang pakai kapal tongkang rp deh pantai sembilan masyaallahwalhamdulillah pantai bersih tangkap pikir fasilitas	Positif
290	fasilitas lengkap toilet banana boat rbmaxorg sewa kano atv spot foto gratis istirahat inap malam tarif rbmalam camping	Positif
291	berisik live musicnya rame suara fals pokok worth banget tenangin kesini tambah pikir	Negatif
292	bagus pantai kesana bosan kesana lagilagidan	Positif
293	inap sewa bagus pantai pohon	Positif
294	rame air adatrs lampu wc matiwaktu kano bocor	Negatif
295	pantai bersih seberang pulau madura tempat bersih nyaman pasir putih bersih main laut banana boat dll bungalow murah riah hadap pantai tinggal kelola jaga bersih pantai orang kerasan nyaman	Positif
296	keren lihat pandang sedia kelola sayang batas renang ganti pakai ok gan pantai	Positif
297	pasir putih pasir air bersih inap ber ac inap	Positif
298	mantap ngecamp masuk sewa tenda orang kapal korg motor angkut kkjasa angkut motor kapal	Positif
299	turut tempat enak pasir putih obyek buat foto foto cotage ukur kali meter jelek turun kapal seberang jembatan arah pantai dimintain karcis ujung jembatan pantai dimintain karcis	Positif
300	when i was there the beach was sok clean no trash and trash bin everywhere you also can rent snorkeling set jual makan ringan minum sedia gubuk rapi tarik unjung	Positif
301	pantai indahmeskipun nyebrang laut kesanaviewnya cantik inap pinggir pantaijd bangun tidur langsung tatap laut	Positif
302	lokasi pantai unjung menyebrangi laut kapal muat orang maksimal muat sepeda motor maksimal angkut turun darat lanjut jalan kaki pantai	Positif
303	panti tenang jernih air pabtai butuh jalan perahu menit dermaga pantai sembilan langsung ikanikan renang bawah dermaga buat	Positif
304	wisata buming daerah madura kota pantai timur sumenep saji pantai bagus pasir putih air jernih batu karang bagus heran orang gum pantai	Positif
305	pantai bersih tarik cemar sampah plastik pandang laut luas biru manja mata sedia wahana air lengkap ciri khas toko sedia snack makan	Positif
306	amazingluar bagus kecewa	Positif
307	pantai kantong pas an lumayan tiket perahu pp ribu karcis masuk ribu btw biaya sewa banana bootx lumayan mahal ribu fasilitas	Negatif
308	recommended ngabisin sepiii	Positif
309	hidden paradise asli bagus bersih pantai suasana indah kesana perahu menit asli recomended madu kamar cottage	Positif
310	rekomen banget tempat kereeeeeennnnnn	Positif
311	fasilitas lengkap sarana santai inap	Positif
312	pantai sembilan salah pantai sumenep pulau madura tepat pulau nama gili genting perahu sedia labuh	Positif
313	apik poll kayak negara korea hahhaa	Positif
314	pantai tenang nyaman familiable	Positif
315	pantai eksotis indah laut biru	Positif
316	tempat bagus moga bersih jaga	Positif
317	bagus kesini bawa air minum	Positif
318	wisata pantai bagus bersih cocok keluarga	Positif
319	kadar oksigen tinggi dunia	Positif
320	pantai sembilan salah destinasi wisata hits pulau madura cocok libur keluarga temantemanharga makan relatif jangkau kantong mahasiswapenduduknyapun ramah pantai bersih jernih	Positif
321	pantai sembilan cantik elok	Positif
322	jauh ramai laut pantai tenang ombak cocok renang pasir pantai bersih makan toilet	Positif
323	pantai keren	Positif
324	pantai alami	Positif
325	sekian keinginanakhirnya pantai sembilan pas sepijadi asik nikmat pantai pantai landai pasir putih asik foto ria	Positif
326	pantai sembilan move on kesini tanggal agustus silam kesini nyewa cottage malam free breakfast kades bringsang terima kasih senang	Positif
327	bersih aman bagus banget	Positif
328	pantai alami laut jernih udara segar suasana oke banget nyantai inap mudah brlama sana harga masuk jangkau wahana banana boat oke deh pokok	Positif
329	pantai indah tarik kali kesana rang laut labuh tanjung perahu mesin biaya orang	Positif
330	view bagus siang panas banget	Positif
331	pantai sembilan salah destinasi kunjung sumenep madura jalan labuh menit kota sumenep menit nyebrang pulau giligenting sana sedia main air	Positif
332	bagus banget rekomended	Positif
333	moga jaga bersih	Positif
334	nyaman	Positif
335	pantai bersih	Positif
336	boljug bagus murah ati makelar	Positif
337	pandang takjub lokasi wisata pantai sembilan sumenep rugi keluarga suguh pandang pantai sembilan moga kelola kait	Positif
338	bagus istirahat	Positif
339	pantai keren duduk ramah banget	Positif
340	cocok libur keluarga	Positif
341	pantai mantab cipta rob	Positif
342	pantai pulau madura indah pasir putih	Positif
343	baguskemarin labuh saronggi kapal bawa motor air jernih sayang kemarin bawa ganti	Positif
344	sayang titip barang renang jaga barang bawa mantau	Negatif
345	pantai indahrecommended trip wisata	Positif
346	tempat bagus tarik libur bersih atraksi banana boat dll sayang transportasi kesana perahu nelayan sedia berangkat tunggu	Positif
347	keren cocok weekend bareng keluarga teman	Positif
348	pikir fress	Positif
349	pantai letak kabupaten sumenep menit menyebrang pulau warga tinggal pulau salah sekolah dasar spot spot foto instagramable	Positif
350	salah pantai pulau kab sumenep keren habis sesuai banget ekspektasi sesal jangkau kapal motor dermaga saronggi biaya rp orang	Positif
351	mantaaaap bahagia sederhana mahal happy	Positif
352	alam semesta sungguh kejut keindahnnya oantai sembilan sumenep madura	Positif
353	pantai baguscuman akses pantai perahu tujuh pantai	Positif
354	wajib tualang	Positif
355	pantai cantik	Positif
356	balik sebut wilayah hasil garam pulau madura milik destinasi wisata kalah indah gili labak letak kabupaten sumenep salah satu barubaru	Positif
357	pantai bersih aman nyaman fasilitas oke harga relatif murah akses mudah jangkau pilih wisata pulau pantai dekat pusat kota sumenep	Positif
358	pandang bagus fasilitas basah cuman saran inap puas jam sana	Positif
359	mantap libur	Positif
360	kecewa banget tnyahotel layakmahal	Negatif
361	pandang pantai indah bersih	Positif
362	istimewa pantai bersih tenang asri	Positif
363	fasilitas pantai harga jamin snorklingkanobanana bot nginap nyaman warung makan nyanyi nyanyi pokok	Positif
364	libur murah riah asri pantai asik libur bareng keluarga rekan kerja fasilitas inap sedia	Positif
365	bersih pantai	Positif
366	pantai sembilan laut bagus tenang tempat	Positif
367	cocok hobi fotografi	Positif
368	pantai bagus	Positif
369	pantai tarik nyaman bersih mandi ombak tenang aman anak dag dig dug suasana menyebarng	Positif
370	pandang pantai pasir bersih cocok destinasi libur inap sedia view hadap laut	Positif
371	awat	Negatif
372	kali kesini takjub jalan lumayan kesini kapal pas situ tempat bagis indah asri pantai bersih bagaikn bal bagus tiket murah banget lupa mampir	Positif
373	aji go pantao	Positif
374	pantai bersih fasilitas lengkap	Positif
375	pantai bersih putih pasir debur ombak damai	Positif
376	salah nuansa alam pantai indah pulau gili genting kabupaten sumenep masyarakat ramah duduk rantau jarak tempuh labuh talephung sumenep kota pulau gili genting menit	Positif
377	sesuai nama pantai sembilan kasih nilai pandang bagus asri fasilitas wisata pada tingkat fasilitas snorkling	Positif
378	senang muas	Positif
379	mikat hatieksotis cocok hilang penat	Positif
380	senang sekaliselain tempat asik jajan sana murah murah kios kios	Positif
381	bagus banget meni hidup jawa karimun jawa pasir putih air biru bening injak kaki sana	Positif
382	pantai bagus laut jernih banget degradasi warna biru cuman dipungkiri atmosfer puanaaas banget bawa topi pakai sunblocknya	Positif
383	pantai indah mempesonapaling xaman libur keluarga lengkap inap sus wisatawan fasilitas lengkap	Positif
384	pantai pasir putih bersih harga makan wajar nasi grg ribu mie grg ribu musolla bersih toilet awat	Positif
385	pantai bagus kelola ramah sampah sera pantai	Positif
386	pantai letak pulau gili gentingases pantai sembilan perahu labuh tanjung tembagabiaya perahu berangkat	Positif
387	tenang tentram damai bersih panorama pantai asri indah air biru wahana pokok seru banget dehsusah ungkap katakata	Positif
388	pantai bagus bersih sayang tmpat poles wisatawan tambah	Positif
389	wisata letak pulau gili genting	Positif
390	kasih bintang jalan kesana ituloh sedih kesana pas ombak sihn agustusjanuari bagus	Positif
391	pantai bersiiih banget fasilitas pada wisatawan lengkap inap spot foto suka selfie	Positif
392	pantai bagus inap rumah kayu pinggir pinggir pantai spot spot sedia bentuk rupa photoable	Positif
393	lumayan hilang penat beban pikir	Positif
394	pantai besih indah pengin kesana	Positif
395	pantai asyik bagus puaanaasse pooll tumbuh pohon hijau moga depan	Negatif
396	manja mata pandang	Positif
397	bagus ceo super ramah next time insyaallah kunjung lagiterimakasih sutlan	Positif
398	pantai bersih snorkling enak	Positif
399	tempat nyaman bersih enak sport camping honeymoon	Positif
400	pantai cantik bersih	Positif
401	wisata saji spot foto keren pilih inap wahana air banana boats	Positif
402	cocok madu kayak surga rindu	Positif
403	tempat indah alat transportasi labuh minimal becak tempat panas saran kesini sore	Negatif
404	lautx alami bersih	Positif
405	bagus rekomendasi	Positif
406	gue bagustapi istimewahehhe	Negatif
407	tempat lumayan bagus toilet mudah jamah sinyal xl kencang mendung sepoi sepoi asik	Positif
408	akses mudah murah suasana betah	Positif
409	visit sumenep pulau keren	Positif
410	pasir putih air jernih duduk ramah	Positif
411	beautiful beach panas terik matahari banding indah pantai sembilan gili genting nikmat suasana alam main banana boat	Positif
412	bagus bersih	Positif
413	baik transportasi tongkang mohon mahal krnaklw ongkos pulang pergi pas berangkat wisatawan beban parkir tiket masuk	Negatif
414	pantai sembilan indah labuh seberang benah samping kapal angkut tumpang kasih padah turis asing domestik kesana	Negatif
415	pantai bagus sayang kotor jaga bersih	Negatif
416	nyaman pengin	Positif
417	bersih pantai cottagenya nyaman orang nyaman wisata keluarga anak harga makan murah pokok rekomended thx kades layan	Positif
418	senja bagus beeettttt	Positif
419	nyaman libur keluarga ramah anak suasana tenang moga wisatawan jaga bersih pantai	Positif
420	sampah	Negatif
421	rekom acara keluarga	Positif
422	rekomended libur	Positif
423	jam pagi rapat pantai sembilan suasana mendung awan pantai sembilan indah sejuk gaes sok kemari	Positif
424	sedih pakai tutup aurat situ adat kentel banget tutup aurat harga adat pakai sopan	Negatif
425	pantai bagus bersih	Positif
426	pantai keren dengam ombak tenang	Positif
427	bersih pasir putih air laut biru jalan laut sumenep hati mabuk laut arus lumayan	Positif
428	bagus banget pantai kemarin posisi suang pagi sore bagus banget pandang	Positif
429	pandang bagus asri	Positif
430	bagus explore pakai motor	Positif
431	bagus pantai	Positif
432	laut jernih	Positif
433	pantai bersih pe gunjung nikmat indah pandang pantai	Positif
434	bagus indah	Positif
435	bersih indah sayang snorkeling air laut jernih	Negatif
436	pantai top banget pandang bagus sunset ngecamp	Positif
437	bagus pengembanga lahan belah kiridan mesti makan ala laut kemas moderen	Negatif
438	keren keren keren sumenep madura	Positif
439	bersih bagus	Positif
440	recommended banget pulau unjung rame inap asik banget isi orang isi kasur king size	Positif
441	suka banget bersih pantai angin betah kunjung pantai sembilan	Positif
442	senang	Positif
443	destinasi coba mantap gan	Positif
444	bagus tambah fasilitas dukung	Positif
445	pantai bagus bersih	Positif
446	layan pegembangan area charging area fasilitas dukung terimakasih alam	Positif
447	pantai indah menit keliling pulaupantai pantai pulau pasir gili noko baweanrecommended	Positif
448	istimewa panas	Positif
449	tempat bagus bersih vila malam lengkap ac dll jamin orang ramah	Positif
450	kamar tidur tv ac dingin pantai sampah	Negatif
451	tempat bagus diengkapi fasilitas pantai	Positif
452	pantai keren hawaii akomodasi lengkap prasarana sarana lengkap masyarakat kelola well come	Positif
453	murah transportasi kapal laut ytiket yfasilitas lengkapmakanan harga wajar	Positif
454	pantai daerah madurayg letak pulau gilipenyeberangan labuh tanjungmantap dechhnyesel gteng	Positif
455	pandang indah tempat bagus	Positif
456	update bagus kemarin	Negatif
457	pulau ribu madura	Positif
458	fasilitas oke kamar mandi oke pantai bersih pasir putih spot foto jugakeren	Positif
459	pandang bagus fasilitas bagus pas nyebrang madura arus kuat	Positif
460	stop point gili labakbiasanya makan pagi foto foto spot snorkling adamending gili labak	Negatif
461	rekomended	Positif
462	bagus pantai sayang turun laut aman banana boat seliwer	Positif
463	wisata pantai senang pantai sembilan letak gili genting suguh pandang alam pantai istimewa	Positif
464	akses mudah jangkau rute penyebrangan reguler pantai bersih	Positif
465	lumayan bersih pasir putung rokok	Positif
466	bersih alami transportasi mudah murah mantab	Positif
467	libur asyik	Positif
468	keren bagus banget	Positif
469	bagus banget sesal lupa wisata pantai gili labak	Positif
470	pukau pantai bersih pasir putih	Positif
471	biasa buang sampah sembarang cari pantai pantai bagus	Positif
472	pantai bersih oke kunjung libur keluarga	Positif
473	pantai relatif bersih mamin murah kapal nyebrang spot selfie	Positif
474	minim bajhet mahal wisata pantai tempat	Positif
475	air keruh musim hujan lumayan bagus inap toilet gazebo dll	Positif
476	iam loveeeee lombok sumenep mah khawatir panjang libur kosancottage	Positif
477	indah eksotis bersih	Positif
478	pantaiiiii terbersihhhh akses pp kerrennnnnn pokok	Positif
479	recommended libur kesini private beach	Positif
480	mantap	Positif
481	pantai bagus enak main anak ombak	Positif
482	bersih tata wisata sdm pun perihal apresiasi kembang kampung halaman pulau good	Negatif
483	destinasi wisata pantai bagus tata betah berlamalama sana	Positif
484	musim kemarau pasti lupa bawa topi pantai panas binasa	Positif
485	pantai bagus nikmat sunset	Positif
486	indah madura cocok libur low budget harga makan standard	Positif
487	keren referensi libur keluarga	Positif
488	recommended acara jalanjalan keluarga pantai bersih	Positif
489	tempat bagus cuman sadar buang sampah tempat	Positif
490	pandang baguspantai indah	Positif
491	pantai keceeeeciamikk	Positif
492	pantai bersih alamcuma sayang jarang fasilitas tawar	Positif
493	nyebrangnya angin gede tegang ombak tahan muntah	Negatif
494	tempat bagus indah pantai bersih	Positif
495	bagus nyaman	Positif
496	resort ngadep pantai langsung kunjung non holiday dukung relaksasi penat kerja	Positif
497	ciri khas gili indonesia epic kunjung coba jasa laut sedia	Positif
498	pantai indah fasilitas lengkap spot foto instagramable beautyfull indonesia	Positif
499	tempat bagus sayang juni juli ombak	Positif
500	pantai bersih cocok santa bayar	Positif
501	pantai bersih sepi jual wisatawan	Positif
502	pesona klebun desa ramah tour guide sertifikat kompetensi	Positif
503	pantai sembilan keren homestay bagus harga relatif murah	Positif
504	pantai sembilan okey libur nikmat suasana pantai malam pantai sembilan	Positif
505	full bintang kelola sampah manajemen wisata	Negatif
506	tempat keren	Positif
507	gazebo tementemen pengin rasai bermalem sana keren banget	Positif
508	enak nyaman santai dar cari pandang	Positif
509	pantai indah bagus	Positif
510	tempat indah cocok banget pengin camping bareng teman	Positif
511	pantai bersih warna air pukau	Positif
512	tata pantai bagus sport snorkling	Positif
513	pantai tarik fasilitas pantai simple	Positif
514	indah pulau alami letak pulau madura sumenep	Positif
515	keren asli pasir halus minum makan murah banget nyaman libur sesal	Positif
516	pantai bersih suasa tenang keren pokok	Positif
517	pantai bersih suasana asri sesuai libur keluarga	Positif
518	view pas subuh keren banget pas pagi sayang toilet fasilitas	Positif
519	destinasi wisata indah pasir putih jatuh cinta pengin pulang	Positif
520	baik laku view and semuax ok recommended	Positif
521	pantai indah	Positif
522	pantai fasilitas lengkap inap dll main pantai sembilan	Positif
523	wisata indah jangkau kalang	Positif
524	pokok mantabbbe cuman sepi pandemi	Positif
525	pantai indah warga ramahhanya menit tanjung sarogi	Positif
526	bagus pantai visit sumenep	Positif
527	bersih indah	Positif
528	pantai bagus kapal ribu masuk ribu makan ribu pantai	Positif
529	pantai bagus sayang snorkling	Positif
530	pantai bersih inap lumayan	Positif
531	pantai indah bagus bersih	Positif
532	mantap	Positif
533	keren spot foto	Positif
534	tempat enak asri cocok santa kumpul teman	Positif
535	recommended bangeeetsss	Positif
536	pantai baguuuus keren lihat sunset	Positif
537	pantai bersih air bening banget ikan ikan renang	Positif
538	wisata pas lingkung bersih akses pantai mudah murah	Positif
539	pantai bersih aman renang pandang bagus	Positif
540	cocok libur keluarga	Positif
541	tarik tenang tempatnyamungkin seberang nyaman	Positif
542	puas	Positif
543	bagus kotor sampah	Negatif
544	pantai bagus banget	Positif
545	asri	Positif
546	cocok buwat libur bareng keluarga sedia inap	Positif
547	pulau menjangantnbb gili labak madura simpan indah alam laut	Positif
548	wisata sumeneppantainya kelola	Positif
549	lumayan bakar kalori suasana pantai alami	Positif
550	sunset pantai sembilan	Positif
551	pandang indah orang ramah puas libur kesana	Positif
552	suasana malam asik	Positif
553	pantai view kali bagus aksesx standard	Positif
554	bagus sore malam	Positif
555	pantai bersih indah sepi akses mudah biaya murah	Positif
556	bagusbersihtempat santai cocok hibur	Positif
557	inti tenang pikir hawa kondisi nyaman adem	Positif
558	pantai pasir putih bersih fasilitas lumayan lengkap	Positif
559	tempat bagus air bening transportasi pakai kapal	Positif
560	pengin langsung berangkat enggak usah acara njimno ruwet	Positif
561	sesal kesini	Positif
562	nyaman	Positif
563	salah destinasi wisata baik sumenep panas siang	Positif
564	kunjung pantai sembilan pesona pantai	Positif
565	pandang indah	Positif
566	salah pantai wisata pulau giligenting	Positif
567	bagus	Positif
568	konsep comunity based tourismnya bagus	Positif
569	pantai bersih suasana mantap	Positif
570	nyaman libur akses mobil	Positif
571	bagus	Positif
572	spot foto	Positif
573	cottage	Positif
574	b banding coba gubuk murah rame	Negatif
575	repsentatif nikmat suana pantai malam	Positif
576	indak best pantai madura butuh jam seberang	Positif
577	bagus indah bersih	Positif
578	recomended libur	Positif
579	asri wisata keluarga ajar tahu laut	Positif
580	indah	Positif
581	pantai wisata bersih pasir putih bagus	Positif
582	indah tenang stres pantai biru	Positif
583	cocok kesini siang renang	Positif
584	pantai air jernih dasar pasir	Positif
585	maju pantai sembilan indah ekonomi tingkat	Positif
586	tempat bagus pas siang panas banget coba	Positif
587	mantap salam jakarta	Positif
588	pantai indah alami	Positif
589	pantai tenang rekomen banget	Positif
590	tawan indahdanluar sayang mancing ikan	Positif
591	mati air menyebalkanmentang mentang uangpak klebun sopan	Negatif
592	bagus cocok banget malam minggu	Positif
593	pantai bagusada wahana main	Positif
594	view baguscocok healing tipis tipis	Positif
595	susah perjalananx nyebrang laut pakai perahu	Positif
596	bagus indah pantai	Positif
597	indah pandang pantai sembilan	Positif
598	bagus	Positif
599	salah destinasi wisata bahari indah bersih nyaman kabupaten sumenep madura	Positif
600	bersih indahh rekomended banget	Positif
601	pantai indah pasir putih air bening mantap	Positif
602	pantai sembilan indah banget	Positif
603	udara sejuk pantai bersih tagih nginep sana	Positif
604	pantai indah bersih	Positif
605	info tiket masuk kepala	Positif
606	sempurna mewah	Positif
607	serasa pantai pribadi	Positif
608	mudah cari akses	Positif
609	pantai indah kjernihan airx alami	Positif
610	tempat enak sepi spot foto bagus	Positif
611	the best mantap nginep pinggir pantai	Positif
612	pantai indah milik pondok ramah banget	Positif
613	inap pada nyaman libur keluarga	Positif
614	bagus ft hunting snokling	Positif
615	urus sampah bangun rusak	Negatif
616	pengelolannya bagus view sesuai gambar	Positif
617	pantai bagus spot foto instagramable sana	Positif
618	wisata pas main air family	Positif
619	pantai bersih duduk lokal ramah	Positif
620	spot foto sayang bersih	Positif
621	pulau kerenbersihcman main banana boat	Positif
622	indonesia madura pantai kalah luar negeri	Positif
623	bagus	Positif
624	sampah sport selfi over all good	Negatif
625	pantai indah nyaman kunjung	Positif
626	kades layan pantai bersih love deh	Positif
627	recommended piknik keluarga teman teman	Positif
628	pandang indah asri indonesia cocok destinasi libur	Positif
629	muas	Positif
630	tempatx sejuk pokokx enak nyantai	Positif
631	bagus awat	Positif
632	cocok jadi destinasi wisata sumenep	Positif
633	tempat keren labuh	Positif
634	pantai indah kunjung masya allah	Positif
635	indah sejuk bersih	Positif
636	pantai indah	Positif
637	wisata laut pasir putih bersih	Positif
638	pandang indah suasana terik panas	Positif
639	bagus banget air jernih	Positif
640	tempat bagus cocok anak anak main	Positif
641	wisata pulau madura	Positif
642	senang	Positif
643	lumayan uras isi dompet harga tiket	Negatif
644	salah wisata madura	Positif
645	pantai sembilan pasir putih cantik bersih nyaman	Positif
646	tempat bagus masij asri hiu tutul	Positif
647	bagus cuk pantai	Positif
648	pantai tarik	Negatif
649	fasilitas lengkap view bagus pntai bersih	Positif
650	libur cocok warga jatim	Positif
651	lumayan asyik santai	Positif
652	mantap	Positif
653	lengkap	Positif
654	indah bagus tenang perhati bersih	Positif
655	pantai bagus bersih fasilitas pada	Positif
656	bagus top madura	Positif
657	asyiktapi perahu nyaman	Positif
658	tingkat fasilitas tambah kios warung	Negatif
659	bagus sihcuman panas bo	Positif
660	pagi sampah pantai	Negatif
661	cocok mancing	Positif
662	inap ac makan warung enak	Positif
663	bagus sayang fasilitas	Positif
664	pantai bersih pandang bagus	Positif
665	mantap	Positif
666	sejuk bersihalamicocok keluarga dll	Positif
667	main keluarga	Positif
668	pantai bersih pasir putih	Positif
669	indah	Positif
670	tempat cocok libur keluarga	Positif
671	pantai ter bagus kunjung	Positif
672	nyaman sejuk tempat	Positif
673	pantai bagus bersih	Positif
674	butuh viramin sea mampir coba main kesini	Positif
675	wisata anak pulau mantul	Positif
676	bagus sayang badai	Positif
677	pantai bersih indah	Positif
678	pantai eksotik pasir putih	Positif
679	enak nyantainyantai bareng teman bareng pacar	Positif
680	libur tahun	Positif
681	pantai praktis enak sejuk	Positif
682	pantai indah bersihkeren	Positif
683	pantai bersih nyaman libur keluarga	Positif
684	bagus libur keluarga	Positif
685	spot bagus preweding	Positif
686	pantai sembilan oke banget pmandaganya	Positif
687	syaa allah sungguh cipta indah	Positif
688	bagus pantai ramah duduk	Positif
689	cocok wisata pantai	Positif
690	view bagus pantai bersih	Positif
691	tawar pesona wisata hidup	Positif
692	norkholifa sayang narto sayang muhammad holel	Positif
693	asyik main air pantai	Positif
694	senja ujung labuh	Positif
695	pantai mungil pesona	Positif
696	pantai indah bersih	Positif
697	spot foto pantai bersih	Positif
698	pantai lumayan indah bagus refreshing	Positif
699	pasir putih air bening segar pokok	Positif
700	seru panas banget	Positif
701	senang bawa keluarga malam sana	Positif
702	panorama alam pantai indah	Positif
703	pantai indah bersih	Positif
704	senangtempatnya bersih alami	Positif
705	luas pulau mantap	Positif
706	muas wisata lengkap	Positif
707	indaaahh baangeettzz air laut benniiiinggg	Positif
708	pantai bagus banget	Positif
709	rame libur	Positif
710	kapok ajak bolak must be visited	Positif
711	senang muas mantap	Positif
712	bawa tenda kesini cewek	Positif
713	prewed pilih	Positif
714	enak pantai sembilan serasa pantai	Positif
715	pantai bersih keren banget	Positif
716	indah layak destinasi wisata	Positif
717	pantai indah alami	Positif
718	indah cocok madu	Positif
719	pantai banana boat	Positif
720	bagus	Positif
721	olahraga air	Negatif
722	tempat bagus alami	Positif
723	indah bersih	Positif
724	bersih banget sejuk seram nyeberangnya	Positif
725	pasir putih	Positif
726	senang libur keluarga	Positif
727	mantapcocok libur	Positif
728	mantap	Positif
729	indahtp ngeri ombak jlnx	Positif
730	bersih harga makan normal jangkau	Positif
731	spesifik senang sahaja	Positif
732	bersih seru	Positif
733	bersih enjoy	Positif
734	libur anti mainstream	Positif
735	pantai bersih tenang	Positif
736	bagus bersih	Positif
737	pantai wajib kunjung	Positif
738	bagus	Positif
739	pantai bersih indah	Positif
740	pantai indah bersih poolll	Positif
741	asik mantap libur	Positif
742	tambah bidang edukasi konservasi	Positif
743	jaga bersih	Positif
744	wisata gili genting	Positif
745	sepi libur	Positif
746	keren banget wisata	Positif
747	bagus sayang mabuk laut	Positif
748	tempat nyaman tenang	Positif
749	fasilitas pada tata rapi indah	Positif
750	cocok sunset	Positif
751	pasir pantai bagus	Positif
752	susah air tawar mandi wudhu	Positif
753	cantik	Positif
754	bagus	Positif
755	mntap	Positif
756	pantai sok beautiful	Positif
757	the best pantai sembilan keren	Positif
758	suasana nyaman	Positif
759	pantai bagus bersih	Positif
760	prahunya mana pantai sembilan	Positif
761	pokok pantai sembilan muuuuaaaantap	Positif
762	pantai nyaman santa	Positif
763	pantai pasir putih indah	Positif
764	destinasi baguscocok honimun	Positif
765	lumayan jalan jalan sore	Positif
766	bagus banget	Positif
767	numpang doang gwjadi bintang	Positif
768	fasilitas pada inap	Positif
769	bagus sayang pohon	Negatif
770	salah favorit	Positif
771	pantai unik sumenep cocokbuat tamasya	Positif
772	mantaaappp spot fotonyaaa	Positif
773	mantap	Positif
774	pandang view indah	Positif
775	pantai indah ujung sumenep	Positif
776	bersih indah pantai	Positif
777	pantai indah jernih	Positif
778	libur karcis	Negatif
779	bening sedap pandang mata	Positif
780	bagus	Positif
781	bagus	Positif
782	holiday tenangtempat sahabat	Positif
783	wisata pantai pasir putih	Positif
784	nyaman bersih sejuk	Positif
785	bagus keren	Positif
786	bagus spot foto	Positif
787	cuil surga bumi	Positif
788	asik banget pantai	Positif
789	bersih nyaman pantai	Positif
790	pantai bersih indah	Positif
791	indah banget	Positif
792	libur pas budget pas	Positif
793	bagus keren bersih	Positif
794	tempat indah	Positif
795	bagus	Positif
796	pasir putih pantai bersih	Positif
797	bagus	Positif
798	pantai bersih	Positif
799	nyaman lepas suntuk keluarga	Positif
800	bagus banget pantai	Positif
801	bagus mantap mantul recomanded	Positif
802	kunjung renang	Positif
803	asyik	Positif
804	pantai bagus	Positif
805	keren abisssss	Positif
806	mantap wisata	Positif
807	pandang indah	Positif
808	asseek tenang nyaman	Positif
809	wisata kesana	Positif
810	keren banget pantai	Positif
811	penuh kenang	Positif
812	wisata snorkling plus bungalow	Positif
813	bersih tenang nih nyaman	Positif
814	kades ramah layan	Positif
815	pantai keren	Positif
816	bagus sayang foto	Positif
817	takjub pengin	Positif
818	nyantai indah banget brow	Positif
819	seru bngat psirnya indh bersih	Positif
820	tempat bersih takjub	Positif
821	alhamdulillah santa ria	Positif
822	edukasi wisata pas	Positif
823	bagus wisata keluarga	Positif
824	mantap	Positif
825	libur pantai sembilan sumenep madura	Positif
826	keren	Positif
827	mantap	Positif
828	santai ok	Positif
829	tarik	Positif
830	bagus sepi	Positif
831	pantai indah nyaman	Positif
832	senang istirahat	Positif
833	pantai bagus	Positif
834	keren habis	Positif
835	kena dampak abrasi	Positif
836	pantai bersih	Positif
837	bersihh	Positif
838	lumayan bagus	Positif
839	pantai sembilan hits	Positif
840	ramai unjung	Positif
841	semangat	Positif
842	banana boat seru	Positif
843	bagus nyaman	Positif
844	bagus	Positif
845	tempat asik adem	Positif
846	bagus banget	Positif
847	kesini sesal deh	Positif
848	surga sumenep	Positif
849	mantabbbb cuy panorama alam	Positif
850	tempat bagus lho	Positif
851	mantap	Positif
852	indah	Positif
853	bersih nyaman	Positif
854	keren habis top markotop	Positif
855	surga bunyi	Positif
856	lumayan indah bersih	Positif
857	mantap	Positif
858	relatif menyebrang	Positif
859	cocok lihat sunset	Positif
860	bagus tempat	Positif
861	bagus bersih	Positif
862	fasilitas lengkap	Positif
863	bagus tempat	Positif
864	bagus banget	Positif
865	indah banget keren	Positif
866	senang	Positif
867	toilet mahal	Negatif
868	bagus	Positif
869	pantai sembilan bal madura	Positif
870	adik	Positif
871	kampung halaman indah	Positif
872	indah asri sejuk	Negatif
873	air laut bersih bening	Positif
874	istimewa	Positif
875	pantai indah gili genting	Positif
876	serasa pantai	Positif
877	takjub	Positif
878	jual pentol	Positif
879	nginep ok	Positif
880	indah saudara	Positif
881	daerah sumenepok	Positif
882	rapiindahbersihnyaman aman	Positif
883	bagus	Positif
884	mantap fasilitas	Positif
885	pantai bersih putih	Positif
886	mantap	Positif
887	jozzzzz	Positif
888	anak muda keren	Positif
889	bagus	Positif
890	layan ramah	Positif
891	hidang manis pagi	Positif
892	baik	Positif
893	indah tarik	Positif
894	tempat bagus	Positif
895	bagus indah	Positif
896	ac dingin	Negatif
897	keren tempat	Positif
898	temu jodoh	Positif
899	ok banget deh	Positif
900	bersih tarik	Positif
901	grup parlo	Positif
902	keren banget tempat	Positif
903	sip	Positif
904	indah	Positif
905	tempat bagus	Positif
906	bagus	Positif
907	kangen kampung halaman	Positif
908	bagus	Positif
909	pantai indah	Positif
910	bagus nyaman	Positif
911	excited banget	Positif
912	bagus indah	Positif
913	pantai perawan	Positif
914	bagus	Positif
915	indah	Positif
916	senang	Positif
917	indah lan semesta	Positif
918	mantapsss	Positif
919	tempat bagus	Positif
920	pisah	Positif
921	tarik	Positif
