lokasi;Sentimen;komentar
Air terjun toroan;Positif;Air terjun yang bagus. Tiket masuk murah sekitar 5 ribu per orang. Air terjunnya jernih, dan langsung berseberangan dengan laut.
Air terjun toroan;Positif;"Tempatnya bagus selain air terjun ,diatasnya jg ada rest area.
parkir 5rb+masuk 5rb (hari biasa)"
Air terjun toroan;Positif;Bagus
Air terjun toroan;Positif;Mantap
Air terjun toroan;Negatif;Pemandangan yg indah, adem pula suasanyanya meskipun pinggir laut. Cuman air terjunya hanya ada ketika musim hujan
Air terjun toroan;Positif;tempat wisata yg keren dan recomended bgt buat dikunjungi, apalagi kuliner dan es degannya yg bner2 bisa buat kita move on dari mantan?? …
Air terjun toroan;Negatif;Ada restorannya, harga murah, rasa pas aja poin 7. Hati2 ke lokasi air terjunnya, jalan agak licin dusim hujan.
Air terjun toroan;Negatif;Karena habis hujan jadi airnya keruh
Air terjun toroan;Netral;Terpantau masih seperti dulu ?? …
Air terjun toroan;Positif;Pemandangan eksotis pinggir laut
Air terjun toroan;Positif;Oke
Air terjun toroan;Positif;Indah sekali.. Tempatnya bersih dan sudah dikelola dengan baik. Kesini sewaktu musim kemarau, aliran air terjunnya cukup deras dan benar2 berwarna tosca ??. Ada cafe ATT yang menyediakan berbagai menu masakan dengan view pantai yang indah, …
Air terjun toroan;Positif;Bagussss banget... lokasi nya dari sampang kota sekitar 1.5 jam di tempuh dg mobil. Tiket masuk cuma 5rb/org. Parkir mobil 5rb. Deket sama tempat makan view nya juga bagus. Makanan nya juga enak. Rekomendasi ikan bakar, sama ikan bumbu 3 …
Air terjun toroan;Positif;untuk view air terjunnya bagus sekalii
Air terjun toroan;Positif;View nya bagus sekali apalagi pas sowrey² ???? …
Air terjun toroan;Positif;Spot lokasi wisata yang wajib kita kunjung ketika berkunjung ke pulau Madura
Air terjun toroan;Netral;Desa Karang Anyar  Bangkit
Air terjun toroan;Negatif;2/6/21. Pemandangan di sini bagus karena memadukan air terjun dan laut. Harga tiket masuknya murah, 5k/orang. Tapi perawatan dan pengembangannya kurang. Banyak sampah. Harga parkir juga agak mahal untuk ukuran wisata yang hanya satu obyek, 5k/motor R2. Kalau ada yang mau ditanya, silakan. Jangan lupa like juga.
Air terjun toroan;Positif;"07 november 2020
Unik jg air terjun di pinggir laut
Saran saya kalau ingin lihat airnya bagus jernih berkunjung kesini pas musim …"
Air terjun toroan;Positif;"Wisata air terjun toroan...
Airnya sungai langsung terjun ke laut...
Tempatnya terawat dan bagus dilihatnya... …"
Air terjun toroan;Netral;Air terjun yang indah dan langsung jatuh di tepi pantai utara Pulau Madura
Air terjun toroan;Positif;Viewnya bagus, tempatnya jg nyaman buat family time. Makanannya jg enaak
Air terjun toroan;Negatif;Tempatnya bagus gaes y, apalagi klo lgi bukan musim penghujan,,, klo lgi musim hujan airnya coklat gk bening gaesss...
Air terjun toroan;Negatif;Bagusss sekali... tapi tetap hal yang perlu di perbaiki adalah sampah.. mari kurangi penggunaan plastik. Thanks
Air terjun toroan;Positif;Tempat santai bersama  kelurga dan kerabat. Dengan nuasa alam yang sangat indah dipandang..
Air terjun toroan;Negatif;"Tempat Yang Indah....??????
Tapi Kebersihan Sedikit Perlu/Kurang Terjaga...?????? …"
Air terjun toroan;Netral;Pastikan klo mo kesini pas air lgi pasang, lebih keren.
Air terjun toroan;Positif;tempatnya bagus...cocok untuk wisata keluarga
Air terjun toroan;Positif;Sangat indah, dan cocok banget bagi para wisatawan yang ingin memanjakan mata untuk melihat pemandangan yang sangat indah, karena air terjunnya beda bukan di pegunungan tapi di tepi pantai.
Air terjun toroan;Negatif;Bagus viewnya, hanya saja tulisan Toroan nya yg dibuat terlalu dekat dengan air terjun, untuj fotografer yg ingin capture air terjun jadi terganggu dengan icon tulisan itu, toilet tersedia
Air terjun toroan;Positif;Emang tak s alami n sbagus yg dulu tp ttp eksotik n nyaman buat bersantai..tiket masuk 5 rb k lokasi air terjun...
Air terjun toroan;Negatif;Mungkin saya datang di waktu yang salah, karena waktu kesana tempatnya tidak sebagus ekspektasi saya. Juga disana tidak disarankan untuk bermain air, sehingga hanya sekedar objek foto saja
Air terjun toroan;Negatif;Air terjun toroan adalan wisata alam Madura yg sangat bagus, namun masih sangat memerlukan sentuhan tangan pofesional dan investor utk pengembangannya yg lebih bagus lagi.
Air terjun toroan;Negatif;Bagus buat selfi alami dgn latar airterjun yg keren. Jangan berenang krn dalam sekali
Air terjun toroan;Negatif;"View nya indah menawan ...
Sayang kurang perawatan .....
Berharap kedepannya air terjun Toroan ini dirawat dengan baik,oleh pemkab maupun  swasta asli daerah."
Air terjun toroan;Negatif;Bagus viewnya, sayang sedikit kebersihan air dan pantainya kurang terjaga.
Air terjun toroan;Negatif;Harusnya bisa lebih bagus & menarik sayangnya banyak sampah di pantai & air terjunnya
Air terjun toroan;Positif;Panoramanya bagus,  perlu kreativitas utk penambahan area di pantai dan penambahan fasilitas
Air terjun toroan;Positif;Bagus banget buat spot foto instagram. Obyeknya bagus & unik
Air terjun toroan;Positif;Bagus langsung menjorok ke lautan
Air terjun toroan;Positif;Cukup bagus, bisa untuk tempat foto prewedding.
Air terjun toroan;Positif;Akan terasa lebih indah ketika menjelang matahari terbenam.
Air terjun toroan;Positif;"Cantik ... eksotis
Air terjun air tawar langsung didepan ombak pantai..."
Air terjun toroan;Positif;Keindahan air terjun yang mengalirr , so beautyfull
Air terjun toroan;Positif;Bagus
Air terjun toroan;Positif;Bagus musim kemarau airnya bening
Air terjun toroan;Positif;pemandangan lautnya jg bagus
Air terjun toroan;Positif;Objek wisata yg sangat keren
Air terjun toroan;Positif;Pemandangannya indah sekali?? …
Air terjun toroan;Positif;Bagus pemandangan nya
Air terjun toroan;Positif;Indah
Air terjun toroan;Positif;"Murah meriah
Malah kadang gratis"
Air terjun toroan;Positif;Bagus pemandangannya
Air terjun toroan;Negatif;Bagus sayang jauh
Air terjun toroan;Positif;Keren Pokoknya... ?? …
Air terjun toroan;Positif;Bagus
Air terjun toroan;Positif;Keren
Air terjun toroan;Positif;Indah banget
Air terjun toroan;Positif;Bagus
Air terjun toroan;Positif;Indah
Air terjun toroan;Positif;Pemandangan yang indah
Air terjun toroan;Positif;Bagus
Air terjun toroan;Positif;Bagus
Air terjun toroan;Positif;Tempat yang indah
Air terjun toroan;Positif;Strategis dan cantik
Air terjun toroan;Negatif;Pemandangan bagus, masih alami. Perlu lebih banyak mengelola untuk membuat yang terbaik
Air terjun toroan;Positif;Pemandangan bagus saat Matahari berada di Utara
Air terjun toroan;Positif;"Dulu lumayan sering ke sini.
Salah satu destinasi paling favorit kalau hendak hunting foto landscape di Pulau Madura. …"
Air terjun toroan;Negatif;"25-10-2021
Tiket masuk 5rb/orang, anak2 free
Batu karang nya sampai hampir ke tengah, air sekitar air terjun agak keruh, tp …"
Air terjun toroan;Negatif;"Sengkok oreng ketapang cong.. dus nodusih

Sangat TIDAK rekomendasi,. …"
Air terjun toroan;Negatif;"Secara pemandangan, air terjun ini biasa saja sebenarnya, aku bahkan meragukan kata ""air terjun"" karena tingginya yang cuma beberapa meter saja. Jalan sebentar dari parkiran dan air terjun langsung terlihat, gak butuh treking panjang. …"
Air terjun toroan;Positif;Tempatnya nyaman, banyak spot foto nya juga ada tempat parkir buat mobil juga, dan ketika masuk harus turun tangga dulu kaya destinasi wisata biasanya yaaa ???? …
Air terjun toroan;Positif;Sudah di kelola dg baik dan bisa jd rujuan wisata anda. Ini adalah hasil gambar yg sy ambil secara pribadi saat bwrkunjung kesini
Air terjun toroan;Positif;View air terjun oke, Akses dekat dengan jalan utama, fasilitas cukup oke..
Air terjun toroan;Netral;Cocok sebagai tempat refreshing, piknik, atau tour bersama keluarga.
Air terjun toroan;Negatif;Pas kesini aliran air terjunnya deres banget, mungkin karena lagi musim hujan ?? …
Air terjun toroan;Positif;Tempat parkir luas. Air terjun alami
Air terjun toroan;Netral;"Pengambilan Foto
Dari Wisata Air Terjun Toroan???? …"
Air terjun toroan;Negatif;Tukang parkirnya malak dengan dalih penitipan helm, helm hilang memang resiko sendiri. Tapi malah diringkes sama tukang parkirnya dan ditaruh pos penitipan. Jadi bayar 2500. Pemalakan dengan modus penitipan paksa. KECEWA
Air terjun toroan;Netral;Ngopi,nyantai cocok kl kesini
Air terjun toroan;Positif;Sdh beberapa kali kesini.. Ndak pernah  bosan... Must visit place... Beautiful viewing
Air terjun toroan;Negatif;Air terjun yang langsung jatuh ke laut, tidak boleh berenang disekelilingnya
Air terjun toroan;Positif;"tambah baguus...
sudah dikelola masyarakat sekitar.
semoga makin ramai"
Air terjun toroan;Positif;Wisata air terjun tepi pantai yang sejuk, mau siangpun suasana tetap sejuk..
Air terjun toroan;Positif;Cukup satu kata,.Mantapp...?????? …
Air terjun toroan;Netral;lumayan lah
Air terjun toroan;Positif;Tempat yang cocok untuk ngadem.
Air terjun toroan;Positif;Suasana air terjun di pulau garam Madura kecamatan Ketapang kabupaten Sampang Jawa timur
Air terjun toroan;Negatif;Spot fotonya diperbanyak biar ga bosen
Air terjun toroan;Negatif;Perlu di upgrade lagi biar lebih waw
Air terjun toroan;Negatif;Perlu penataan ulang,hingga menambah keajaiban
Air terjun toroan;Positif;Mamtaap jooss g rugi trip ke sini
Air terjun toroan;Netral;Dua bintang dulu,lihat my cennel youtube
Air terjun toroan;Positif;Lokasi Aman dan bersahabat
Air terjun toroan;Negatif;Kurang terawat
Air terjun toroan;Positif;Semoga terus berkembang
Air terjun toroan;Netral;Wisata ini tetangga saya
Air terjun toroan;Positif;Akses yang sangat mudah
Air terjun toroan;Negatif;Tempat yg kumuh
Air terjun toroan;Positif;Menyenangkan
Air terjun toroan;Netral;Lumayan lah
Air terjun toroan;Positif;Pemandangan yang ciamik
Air terjun toroan;Positif;Lumayan oke
Air terjun toroan;Netral;Saya kos disini
Air terjun toroan;Negatif;Terbayar
Air terjun toroan;Positif;Bgs
Air terjun toroan;Positif;Segar
Air terjun toroan;Negatif;Butek
Air terjun toroan;Positif;Sip
Air terjun toroan;Positif;Sering berkunjung
Air terjun toroan;Positif;Air terjun di pinggir pantai....luar biasa bukan ?? …
Air terjun toroan;Netral;Sungai jatuh ke laut
Air terjun toroan;Netral;Kor periksa settong dereh
Air terjun toroan;Negatif;Perlu ditingkatkan lagi
Air terjun toroan;Negatif;Alhamdulillah,Segala puji bagi Allah,tuhan tunggal,Esa....cuma dipingir banyak sampah...kalau bisa pengurus mungut biaya masuk, tiap hari bersihkan sampahnya?
Air terjun toroan;Negatif;Kurang memuaskan, pelayanan kurang , parkir masih kena mahal.
Air terjun toroan;Negatif;"Tidak seperti awal opening...
Dan sampah berserakan"
Air terjun toroan;Negatif;Tempat nya kotor, dan sempit
Air terjun toroan;Positif;Tempatnya bagus bgt, senang kalau liburan ketempat4 kaya gini. Bikin happy, dan air terjun nya bagus bgt
Air terjun toroan;Negatif;Bagus namun belum bersih pantainya, kalau saja dirawat dan dibersihkan akan sangat amat indah
Air terjun toroan;Positif;Tempatnya bagus bnget.... alternatif liburan sekolah, bersama keluarga
Air terjun toroan;Positif;Pemandangan indah, ada warung makan dengan andalan sea food yang maknyus
Air terjun toroan;Positif;Lumayan buat healing tipis2 dg budget yg murah
Air terjun toroan;Positif;Air terjun Bagus Saluran Langsung masuk ke laut
Air terjun toroan;Positif;"Pemandangan bagus
Tempat nyaman"
Air terjun toroan;Positif;Bagus & lumayan bersih
Air terjun toroan;Positif;Ciptaan TUHAN..Sangat bagus
Air terjun toroan;Positif;keren, dan bafus banget
Air terjun toroan;Negatif;Lokasi yang indah namun jika Anda pergi ke hulu polusi menghilangkan keindahan air terjun.
Air terjun toroan;Positif;Tempat yang damai dan indah! Waktu terbaik untuk pergi ke sini adalah matahari terbenam (yang sayangnya,
Air terjun toroan;Positif;Masya Allah, ciptaan Tuhan itu indah, sayang sekali jika tidak dinikmati
Air terjun toroan;Positif;Sangat sejuk berrasa dibawah air terjun dengam air sungai yg bercampur dengan air laut yg begitu bening
Air terjun toroan;Positif;Tempat yang satu ini tergolong unik dan menarik buat dikunjungi, karena air terjunnya langsung tumpah dan menyatu dengan laut. Aliran air terjunnya berasal dari hulu sungai yang berada diatas air terjun.
Air terjun toroan;Positif;area parkir cukup, air bersih, fasilitas cukup memadai..
Air terjun toroan;Positif;Terhibur ada restorant menyediakan karaoke segala
Air terjun toroan;Netral;Ceritanya singkat tapi kenangannya begitu mengikat
Air terjun toroan;Netral;Sumpah ini pengalaman terbaik
Air terjun toroan;Positif;Bagus
Air terjun toroan;Positif;Sangat sangat keren
Air terjun toroan;Positif;Air terjun yang menakjubkan
Air terjun toroan;Positif;Keren banget sih, saya kesini waktu sore jadi hasil fotonya keren. Masuk cuma bayar parkir aja kok. Buat ke air terjunnya juga dekat, turun sedikit aja dari parkiran. Di dekat parkiran juga terdapat penjual makanan dan minuman lesehan yang langsung view ke arah pantainya
Air terjun toroan;Positif;Tempat sngat strategis, tepat di sebelah jalan raya, pemandangan sangat bagus, apalagi ketika pagi dan sore, ditambah dengan desain cafe yg sangat cantik serta dinding tangga yang cerah2
Air terjun toroan;Positif;Tdk rugi dtg ke tempat ini .... jalan nya enak, gak terlalu jauh .... akses masuk ke air terjun sangat dekat .... jalannya enak .... air terjun bagus .....
Air terjun toroan;Positif;Wisata asik... sederhana.. bagus buat selfi dan foto...harga tiket masuk cuman 3000
Air terjun toroan;Positif;Lokasi ini cocok bangrt buat berlibur bagi keluarga dan spot yang bagus untuk mengabadikan momen senja..silahkan follow ig saya @onezliano bonus follback ?? …
Air terjun toroan;Positif;Pantai bagus,ada tempat makan,ada air terjun menuju laut
Air terjun toroan;Positif;Lumayan bagus lokasi wisatanya..
Air terjun toroan;Positif;Air nya hijau ke biruan bagus... jangan sampe dikotori ya... supaya tetep bagus
Air terjun toroan;Negatif;bagus potensi alamnya tapi pengololaannya belum maksimal mungkin dikarenakan masih berbasis mandiri
Air terjun toroan;Negatif;Bagus.... Hanya kebersihan kurang terawat
Air terjun toroan;Negatif;Bagus sih... cuman kurang terawat. Mungkin karena air terjun langsung ke laut itu kali ya.. jadi sensasi bermain air di bawah percikan air terjun nya gak ada sama sekali. Jadi cukup bintang 4 aja ya.
Air terjun toroan;Negatif;Air terjun toroan adalah air terjun yg langsung bertemu dengan pantai seandainya penambangan pasir tidak dilakukan pantai toroan dan airterjun nya akan menjadi pariwisata paling bagus di pulau madura tapi sayang kita harus melihat air terjun dan pantai yg sudah habis pasirnya waktu saya sd saya akui pantai toroan paling bagus
Air terjun toroan;Positif;"Wisata alam yg bener"" bagus , terasa didlm gua yg terdapat air terjun yg lsg turun di dasar laut , sungguh pemandangan yg sangat bagus ?????? …"
Air terjun toroan;Positif;Bagus dan bersih
Air terjun toroan;Negatif;Tempat wisata yg bagus dan masih alami perlu sedikit lagi sentuhan agar lebih menarik wisatawan
Air terjun toroan;Positif;Tempatnya lumayan bagus, cocok banget untuk foto long exposure, rekomendasi waktu terbaik yaitu sore
Air terjun toroan;Positif;Tempat yg amat sangat indah dan nyaman ....saudaraku hayo berkunjung tempat ini biaya masuk dan parkir murah meriah
Air terjun toroan;Positif;"Air terjun yg menghadap langsung ke Laut....view sunset nya indah sekali
Cek ig kita @tbagusw"
Air terjun toroan;Positif;Lumayan bagus air terjunnya.mau musim hujan atau kemarau airnya ttp ada
Air terjun toroan;Positif;Ini air terjun paling bagus, keren banget.. Cocok banget buat ngilangin penat
Air terjun toroan;Positif;Suasana alamnya sangat indah karena merupakan perpaduan antara air terjun dengan laut
Air terjun toroan;Positif;Tempat rekreasi di madura dekat pinggir laut tapi ada air terjunya, masih natural, bagus untuk keluarga
Air terjun toroan;Positif;Tempat berlibur yg menyenangkan untuk pasangan dan keluarga dan meikmati air terjun.... yg indah
Air terjun toroan;Positif;Bagus tempatnya.... pinter2 ambil spot foto aja...
Air terjun toroan;Positif;Pemandangan bagus dan ada tempat makannya cukup enak..
Air terjun toroan;Positif;Air Terjun Toroan berada di Ketapang Sampang Madura. Bagus banget pemandangan nya
Air terjun toroan;Positif;Lumayan bagus.....
Air terjun toroan;Positif;Bagus, yg pasti tempatnya sejuk dong
Air terjun toroan;Negatif;Bagus sih cuma kurangnya sarana yg mendukung
Air terjun toroan;Positif;Pemandangan yg menghipnotis mata akan keindahan alam
Air terjun toroan;Positif;pemandangan pantai yang indah
Air terjun toroan;Negatif;Bagus, lebih bagus lagi kalau dikelola dan dibangun.
Air terjun toroan;Positif;Keren
Air terjun toroan;Positif;Kalo sunset kayaknya lebih bagus
Air terjun toroan;Positif;Air terjunnya indah sejuk
Air terjun toroan;Positif;Bagus tapi maaf tidak sempat ambil foto
Air terjun toroan;Positif;Indah sekali
Air terjun toroan;Positif;Tempatnya bagus buat kesehatan
Air terjun toroan;Positif;Tempatnya sangat bagus,
Air terjun toroan;Positif;Indah
Air terjun toroan;Positif;Wisata murah meriah
Air terjun toroan;Positif;Bagus udaranya seger
Air terjun toroan;Positif;Bagus untuk ber wisata
Air terjun toroan;Positif;Indah sekali, tidak akan menyesal ?? …
Air terjun toroan;Positif;Bagus tempatnya
Air terjun toroan;Positif;Bagus oke
Air terjun toroan;Negatif;Tak sebagus di foto
Air terjun toroan;Negatif;Tdk seindah sprti gambarnya
Air terjun toroan;Positif;Bagusnya tdk terduga
Air terjun toroan;Positif;Suasanax Indah menyenangkan
Air terjun toroan;Positif;Bagus sekali
Air terjun toroan;Positif;Tempatnya bagus
Air terjun toroan;Positif;bagus dan dan minim biaya
Air terjun toroan;Positif;Suasana yang bagus
Air terjun toroan;Positif;Keren
Air terjun toroan;Positif;Bagus
Air terjun toroan;Positif;Bagus
Air terjun toroan;Positif;Bagus
Air terjun toroan;Positif;Bagus
Air terjun toroan;Positif;Beberapa tahun yang lalu ketika saya pertama kali mengunjungi tempat ini, itu bagus, semuanya dibuat oleh alam, tetapi hari ini saya melihat peningkatan besar yang menjadikannya lebih baik. Bahkan ada sebuah kafe! Selamat, Sampang!
Air terjun toroan;Negatif;"Tampilan yang menarik dan gambar yang indah seolah-olah menggambar dari imajinasi
Tapi itu butuh perawatan, pembersihan, dan penataan
Untuk melengkapi pariwisata"
Air terjun toroan;Positif;Bagus...
Air terjun toroan;Positif;Bagus
Air terjun toroan;Positif;Pulau Madura ternyata mempunyai obyek wisata air terjun juga, sy pikir Madura hanya mempunyai obyek wisata bukit kapur dan pantai saja. Ternyata Madura mempunyai obyek wisata yang menakjubkan salah satunya adalah air terjun Toroan. …
Air terjun toroan;Negatif;Dari Sumenep ke air terjun yang berada di utara ini benar2 butuh perjuangan. Melewati hutan2 sepi dan perbukitan serta jalannya banyak lubang. Sampai Ketapang sudah malan dan nginap di spbu karena satu2nya homestay sdh full. Pagi2 ke air …
Air terjun toroan;Negatif;"Nice view. Tp ga sanggup naek turun tangganya sih.
Blm diexplore banget jg soalnya. Letaknya juga di jalur utara madura yg masih baru banget.
Masih sepi tempatnya."
Air terjun toroan;Negatif;Jarang-jarang ada air terjun di pinggir pantai nih.Reccomend banget kesini, tapi emang harus sabar di perjalanan, agak jauh memang …
Air terjun toroan;Positif;Sangat menarik hati pemandangannya dan bikin liburan bersama keluarga semakin berkesan
Air terjun toroan;Negatif;Tempatnya sudah berkembang, akan tetapi untuk masalah kebersihan di bebatuannya harap dijaga lebih baik lagi
Air terjun toroan;Positif;"Viewnya asyiik...
Air terjun tp langsung laut
Kebanyakan air terjun di gunung naah ini di laut …"
Air terjun toroan;Positif;Tempat yg nyaman buat menikmati sunset
Air terjun toroan;Positif;"Sekarang parkir sudah luas...
Kalau kesini mending sore...senja sore sungguh pemandangan nya"
Air terjun toroan;Netral;Air terjun yang langsung jatuh ke pantai.
Air terjun toroan;Positif;Lokasi yg terjangkau dr area parkir n nyaman utk keluarga
Air terjun toroan;Positif;Tanpa tiket masuk hanya bayar parkir, afa kulinernya juga
Air terjun toroan;Positif;Wajib lihat tuk dukung destinasi wisata alam kota sampang, ayoo main kesana
Air terjun toroan;Netral;Air Terjun Toroan di pinggir laut utara Pulau Madura dekat kota kecil Ketapang Kabupaten Sampang. …
Air terjun toroan;Positif;Air Terjun Toroan berada dekat tepian jalan raya , sehingga akses untuk kesana mudah dan cepat kalau kita mau turun melihat secara langsung air terjunnya apalagi tepat berada ditepian pantai.Suasananya sangat nyaman dan terasa dingin karena …
Air terjun toroan;Positif;Lokasinya berada di pinggir jalan, gampang dicari. Free,ga ada HTM, cm bayar parkir aja. Enak buat sekedar berfoto dan santai²an sekeluarga. Lengkap ada warung lesehan, musholla dan parkiran.
Air terjun toroan;Netral;wisata air terjun yang letaknya di samping jl. Ketapang-Sampang
Air terjun toroan;Positif;Destinasi wisata air terjun yg langsung ke laut, lokasi sangat menarik dan recomended banget bersama keluarga tercinta
Air terjun toroan;Netral;Lumayan habis ke bebek sinjai, jalan2 di sini
Air terjun toroan;Netral;Ada kenangan yang tersimpan disana
Air terjun toroan;Positif;Airterjun di tepi laut...suatu yang jarang ditemui. Tempat yang mudah dijangkau, karena tidak jauh dari jalan utama. …
Air terjun toroan;Positif;Tetep suka banget dengan tempat ini
Air terjun toroan;Positif;air terjunnya kecil warna hijau, kalau sunsetnya top banget si
Air terjun toroan;Positif;Air Terjun Toroan  di Desa Ketapang, Kecamatan Ketapang, Kabupaten Sampang dekat Jl. Raya dan pantai utara Sampang. Parkir motor dan mobil luas
Air terjun toroan;Positif;Air terjun langsung ke pantai satu satunya di daerah madura.. dan merupakan destinasi wisata yg ckup langka.
Air terjun toroan;Negatif;Datanglah saat pagi air laut belum pasang, airnya bening karang terlihat
Air terjun toroan;Negatif;unik.....air terjun langsung k laut.....cuma keamanan mash minim......
Air terjun toroan;Positif;mantap
Air terjun toroan;Positif;salah satu icon wisata yg ada di Ketapang Sampang tempatnya yg nyaman untuk bersantai
Air terjun toroan;Positif;Ada Cafe nya yg bisa menikmati semilir angin laut
Air terjun toroan;Negatif;Lumayan,jln menuju air terjunnya agak licin
Air terjun toroan;Positif;refreshing with orang2 kantor dan keluarga
Air terjun toroan;Netral;Air terjun di wilayah Sampang Madura yg langsung bermuara di laut utara Madura
Air terjun toroan;Positif;Sangat senang
Air terjun toroan;Positif;???? …
Air terjun toroan;Positif;Nyaman enak
Air terjun toroan;Netral;Destinasi wisata air terjun di pinggir pantai utara kabupaten sampang
Air terjun toroan;Positif;tempatnya nyaman, mudah dijangkau
Air terjun toroan;Positif;Pengen kesini lagi soalnya udah lebih mantep....
Air terjun toroan;Positif;Tmptnya lumayan ok....view ok
Air terjun toroan;Positif;Luas sekali lautnya
Air terjun toroan;Positif;rekomandasi tempat liburan
Air terjun toroan;Netral;Rasanya aku ingin jeburan disana wkwk
Air terjun toroan;Positif;Air terjun yang cocok untuk short vacation
Air terjun toroan;Positif;Airnya jernih banget :)
Air terjun toroan;Negatif;Lebih di tingkatkan lagi pemeliharaannya.
Air terjun toroan;Positif;adem
Air terjun toroan;Positif;Indanya pemandangan nya
Air terjun toroan;Negatif;Parkir mobil enggak ada
Air terjun toroan;Netral;Biasa aja
Air terjun toroan;Netral;Saya suka pantai,
Air terjun toroan;Positif;sangat nyaman dan sejuk
Air terjun toroan;Netral;Buat menghibur dri sendri
Air terjun toroan;Negatif;Lumayan meski sempit
Air terjun toroan;Positif;Mantapsss
Air terjun toroan;Positif;Aq suka
Air terjun toroan;Netral;Tempatku Menimbah ilmu
Air terjun toroan;Positif;Pokoknya sangat puas
Air terjun toroan;Positif;Okey
Air terjun toroan;Positif;Mantul
Air terjun toroan;Positif;Masok
Air terjun toroan;Positif;Mantap
Air terjun toroan;Positif;Cakep
Air terjun toroan;Positif;Oky
Air terjun toroan;Netral;Pasti transfer
Air terjun toroan;Positif;Recomended ???? …
Air terjun toroan;Negatif;Air terjun kecil dan pemandangan laut.
Air terjun toroan;Netral;Tempat yang luar biasa untuk menembak
Air terjun toroan;Netral;Salah satu air terjun laut terbaik di dunia
Air terjun toroan;Positif;Bgs
Air terjun toroan;Positif;Pemandangan luar biasa, menghadap laut
Air terjun toroan;Negatif;Dari parkiran kendaraan berjalan menuju ke air terjun Toroan tidak jauh, dan aman untuk orang tua dan anak anak. Hanya saja, pantai nya agak kotor, banyak sampah berserakan. Mungkin pengelola perlu memperhatikan kebersihan pantai
Air terjun toroan;Negatif;"Fasilitas parkir ok.
Airnya kotor.
Logistik tak ada"
Air terjun toroan;Negatif;Air terjun nya kotor & berwarna coklat ???? …
Air terjun toroan;Negatif;Banyak sampah
Air terjun toroan;Negatif;sampah dimana-mana.. huhu.. kecewa?? …
Air terjun toroan;Positif;Tempatnya bagus, hanya saja lebih bagus lagi kalau pas air lautnya surut
Air terjun toroan;Positif;Tiket masuk murah, pemandanganya ga kalah bagus dari pantai lain, karena pantai ini tidak di perbukitan atau hutan tapi air terjun ini di pesisir pantai, spot foto yg keren saat senja tiba.
Air terjun toroan;Positif;"Tempat nya indah, ayo kita lestarikan wisata alam negeri kita.
Patut lah kita jaga keindahan alam kita
Buang lah sampah pada tempatnya,jangan kotori bumi kita dengan sampah dll …"
Air terjun toroan;Positif;Air terjunnya dekat pinggir laut.pemandangannya indah danbagus banget rekomend banget
Air terjun toroan;Positif;Woow Bagus Indah Air Terjun Pemandangan Nya Pun Sangat Asri Sejuk
Air terjun toroan;Positif;Tempat rekreasi yang bagus untuk berlibur bersama keluarga
Air terjun toroan;Positif;Bagus bener air terjunnya
Air terjun toroan;Positif;Pemandangannya bagus dan udaranya seger
Air terjun toroan;Positif;Tempat wisata yang indah dan bagus
Air terjun toroan;Positif;bagus banget banget ,pengen kesini lagi
Air terjun toroan;Positif;Tempat nya bagus ,keren
Air terjun toroan;Positif;Mantabbb tempatnya keren....
Air terjun toroan;Positif;View yg bagus
Air terjun toroan;Positif;Indah sekali...rekomended
Air terjun toroan;Positif;Bagus..indah
Air terjun toroan;Positif;Indah sekali
Air terjun toroan;Negatif;Harga masuk Rp5.000 per orang dan jika membawa kendaraan untuk parkir dikenakan biaya Rp5.000. Yah airnya kurang jernih tapi untuk view lumayan bagus
Air terjun toroan;Positif;Tempat yang bagus dan indah
Air terjun toroan;Positif;tempat yang indah ... direkomendasikan untuk waktu keluarga
Air terjun toroan;Positif;Rame disini, kalo cari kulineran disini banyak. Tapi seru kalo ke air terjunnya, kalo lagi pasang kayaknya sangat engga disarankan untuk mandi di air terjunnya. Cukup bayar parkir kendaraan disini. Lahan parkirnya juga luas bias motor dan mobil, bus pariwisata juga bisa.
Air terjun toroan;Positif;Suasana Pantai yang syahdu. Recommended
Air terjun toroan;Positif;Tampilan Terbaik ?? …
Air terjun toroan;Positif;Air terjun Toroan adalah permata tak terduga yang membuat saya kagum. Saya tidak pernah menyangka akan menemukan tempat menakjubkan seperti ini di wilayah ini, dan rasanya seperti harta karun yang terpendam. Pemandangan air terjun tepat di …
Air terjun toroan;Positif;Air terjun toroan ini bagus sekali, air terjun yang jatuhnya langsung ke laut. Pemandangan yang indah, bisa menikmati air terjun sekaligus menikmati keindahan laut lepas. Ada beberapa spot untuk foto yang bagus untuk dijadikan tempat untuk …
Air terjun toroan;Positif;Wisata air terjun toroan ini memiliki pesona yang luar biasa indahnya. Baru pemerintahan kabupaten Sampang yang Sekarang /sekitar tahun 2016 sampai sekarang pembangunan kawasan air terjun toroan gencar dilakukan. Sayangnya disepanjang bibir …
Air terjun toroan;Positif;Air terjun toroan terletak di kabupaten sampang. Air terjunnya tdk terlalu tinggi. Pemandangan di sekitar lumayan bagus apalagi kalo saat matahari mau tenggelam. Jalan menuju lokasi medannya baik dan lancar. Di air terjun toroan ini tidak diperbolehkan untuk mandi karena sdh pernah menelan korban jiwa. Tidak bisa buat kemah juga.
Air terjun toroan;Positif;"Pas nyampe disana. Pemandangan kalender ini mah. Wkwk
Liat aja foto2 nya bener keren, ini salah satu air terjun yang airnya langsung diterusin ke laut. Waw. Hati2 tapi kalau berenang disini takut keseret ke laut. Tapi selama laut gak pasang, worth it banget lah .. Air tenang, bening kayak kristal ?? …"
Air terjun toroan;Negatif;Bagus,tidak perlu jauh jauh jalan dari parkirannya,,biaya masuknya juga cukup murah hanya 10rb untuk 1 mobil.hanya saja tempat parkir disini  panas tidak ada tempat teduh..
Air terjun toroan;Positif;Nice bagus, cuma saya datang pas habis hujan jadi jalanan agak licin jadi hati-hati ya man teman, ada warung juga parkir lumayan luas
Air terjun toroan;Positif;Air terjunnya keren airnya langsung jatuh pinggir pantai, pantai lumayan bersih, akses gratis cuma bayar parkir aja untuk motor 5rb, ada tempat makan juga.
Air terjun toroan;Positif;"Air Terjun Toroan KCT/ Ketapang/ KBT/ Sampang ( MADURA ) Tempat Nya Bagus Untuk Di Kunjungi All Turns.
All Sejagat Raya  ( ATT BEST ) Air nya menyatu dengan air lautan samudera.  Air …"
Air terjun toroan;Negatif;Tempatnya bagus cuman agak kurang terawat banyak sampah berserakan
Air terjun toroan;Negatif;"Tempat nya Nayaman sejuk bagus buat berfoto dengan keluarga ...tp kl hujan laut nya ad sampah"" yg merusak pemandangan mata"
Air terjun toroan;Positif;Air terjun langsung ke laut, lautnya bersih dari sampah, sangat bagus untuk foto-foto
Air terjun toroan;Negatif;Bagus, sayangnya banyak sampah dari air terjunnya yg berhulu di pemukiman atas
Air terjun toroan;Positif;Bagus banget cocok banget buat spot foto, buat nyantai sambil liat laut jg bisa
Air terjun toroan;Positif;Air terjun kecil tetapi cukup indah. Lokasi tepat di jalur pantura bangkalan - sumenep
Air terjun toroan;Negatif;Semakin bagus dan bersih, sayang kamar mandi dan mushola kurang terawat.
Air terjun toroan;Positif;Pemandang cukup bagus dan akses mudah karna berada di tepi jalan
Air terjun toroan;Positif;air terjunnya bagus,, tp air nya, coba tengok sendiri keatas
Air terjun toroan;Negatif;Bagus asalkan pas air laut tidak pasang, kedua masih banyak sampah yang ditinggalkan oleh pengunjung
Air terjun toroan;Positif;air terjun yg cantik. kita bisa menikmati sunset di dekat air terjun
Air terjun toroan;Positif;Indahnya luar biasa dan sangat istimewa dari air terjunnya
Air terjun toroan;Positif;Suasana sore yg tdk begitu panas, membuat mata nyaman memandang salah saty ciptaan Allah yg indah
Air terjun toroan;Positif;Tempatnya indah.. Masih cukup bersih.. Tempat yg tepat utk menikmati sunset di pulau madura..
Air terjun toroan;Positif;Pemandangan alam bagus dan murah meriah,pas bnget bagi anda yg lg liburan di madura
Air terjun toroan;Positif;Tempatnya bagus sekali,Sangat menarik untuk dikunjungi wisatawan
Air terjun toroan;Positif;Air Terjun yg indah...lgs ke laut...lengkap dgn fasilitas Rumah Makan Lesehan...
Air terjun toroan;Positif;Sangat bagus dan  cuma bayar parkir 5k
Air terjun toroan;Positif;Wisatanya Bagus... Tapi kalau kulinernya pelayanan agak kurang memuaskan, pelanggan terlalu lama di buat menunggu....
Air terjun toroan;Positif;Karna tempat nya bagus indah dan memuaakan
Air terjun toroan;Positif;"Air terjun dan tempat wisata yang sangat indah yang ada di pulau Madura bagian utara.
Meskipun tempatnya tidak besar tapi cukup untuk menarik wisatawan untuk berfoto …"
Air terjun toroan;Positif;Air terjunnya bagus, langsung turun ke laut, pemandangannya jadi double yaitu air terjun dan laut, kita juga bisa naik sehingga bisa berada di atas air terjunnya. tempat parkirnya jg luas jd gak perlu khawatir jika kesana menggunakan mobil
Air terjun toroan;Positif;Sungguh indah cinptaan MU Ya Allah
Air terjun toroan;Positif;Pemandangannya bagus, cocok buat spot foto
Air terjun toroan;Netral;Wisata Ait Terjun Toroan Yang Keren di Madura
Air terjun toroan;Positif;Pilihan piknik murah meriah
Air terjun toroan;Positif;"Pantainya keren.. dan air terjun mininya dan sungainya berwarna biru jernih..
Cuma sayang di bagian atas sungai banyak sampah rumah tangga.. popok2 bayi dan bungkus plastik banyak bgt.."
Air terjun toroan;Positif;Tempat nya indah dan cocok untuk santai selain air terjun juga berada di tepi pantai tempat ini sangat inda saat menjelang sore karna tempat ini berada di selatan pantai saat sore matahari persis berada di sebelah barat
Air terjun toroan;Positif;Bagus si tp harus lbh d tingkatkan lagi
Air terjun toroan;Positif;Masukkan dalam daftar kunjungan anda bila ke Madura. Sangat jarang ada air terjun langsung ke laut. bagus sekali di nikmati waktu sore hari sambil menikmati matahari tenggelam. Put it your visiting list when you in Madura. It's very rare …
Air terjun toroan;Positif;Pemandangan indah. Tetapi, sulit parkir dan dukungan rekreasi yg lainnya. Di pantai kiri-kanannya terlihat ada penambangan pasir laut
Air terjun toroan;Positif;Wisata murah dg pemandangan yang indah
Air terjun toroan;Positif;Air terjun bagus dan yg perlu di perhatikan kurang luas buat rekreasi
Air terjun toroan;Negatif;"Bagus air terjunnya, pemandangan lautnya.
Tapi sayang pengelolaan kurang."
Air terjun toroan;Positif;Indah, asri, pemandangan laut yang menyegarkan, air terjun langsung menuju ke laut, luar biasa indah
Air terjun toroan;Positif;Air terjun yang indah yang berada di tepi laut sangat bagus untuk yang suka foto-foto
Air terjun toroan;Positif;Tempat bagus kita bisa lihat AIR terjun yang bisa langsung ke laut...keren
Air terjun toroan;Negatif;Bagus dan di tepi jalan raya, sayang airnya kotor campur sampah dan cokelat
Air terjun toroan;Negatif;Tempatnya bagus, pengelolaan mungkin bisa lebih ditingkatkan biar tempat ini lebih dikenal.
Air terjun toroan;Negatif;Wisata alam yg bagus..hanya saja fasum nya masih kurang
Air terjun toroan;Positif;bagus sejuk tempatnya
Air terjun toroan;Positif;keren destinasinya .. dan gak ada tiket masuk ... kulinernya murah bangeeet
Air terjun toroan;Positif;Pemandangan alam lumayan indah di air terjun titian ketapang
Air terjun toroan;Positif;Pemandangan Air Terjun Toroan Bagus sekali dan pakiranya luas saya senang sekali
Air terjun toroan;Positif;Indah air terjun yg berbatasan langsung dgn Laut
Air terjun toroan;Negatif;Tempatnya lumayan bagus, tetapi untuk pelayanan makanan masih kurang
Air terjun toroan;Positif;Pemandangannya bagus dan tidak dikenakan biaya saat masuk
Air terjun toroan;Positif;Sangat tepat untuk beristirahat dan pemandangan alamnya sangat indah
Air terjun toroan;Positif;Bagus sekali
Air terjun toroan;Negatif;Pemandangan bagus. Tp tdk terawat
Air terjun toroan;Positif;Keindahan darimu Tuhan, terimakasih semoga kami bisa menjaganya
Air terjun toroan;Positif;Bagus kalo lagi bening airnya .... ?? …
Air terjun toroan;Positif;Bagus gratis
Air terjun toroan;Positif;Air terjunnya sangat indah...
Air terjun toroan;Positif;Air terjunx bagus indah langsung turun ke laut
Air terjun toroan;Positif;Bagus
Air terjun toroan;Negatif;Bagus tapi kadang airnya sangat keruh
Air terjun toroan;Positif;Sangat bagus, sejuk dan dingin...
Air terjun toroan;Positif;Air terjunnya cukup indah
Air terjun toroan;Positif;Lokasinya cukup jauh, tapi lumayan indah
Air terjun toroan;Positif;bagus . recom lah
Air terjun toroan;Positif;tempat wisata pantai yang bagus
Air terjun toroan;Negatif;Bagus....cma sedikit seram..
Air terjun toroan;Positif;Bagus dan murah tiket ny
Air terjun toroan;Positif;Bagus untuk spot foto.
Air terjun toroan;Negatif;Bagus tapi perawatan kurang.
Air terjun toroan;Positif;Keren cuy
Air terjun toroan;Positif;Tempat nya bagus
Air terjun toroan;Positif;Indah Air terjunnya
Air terjun toroan;Positif;bagus sekali
Air terjun toroan;Positif;Lumayan bagus..
Air terjun toroan;Positif;Air terjun yang indah
Air terjun toroan;Positif;Sangat bagus
Air terjun toroan;Positif;Keren pokoknya ma
Air terjun toroan;Positif;Cukup bagusss
Air terjun toroan;Positif;Lumayan indah..
Air terjun toroan;Positif;Sangat Bagus
Air terjun toroan;Positif;Lumayan Indah
Air terjun toroan;Positif;Bagus bingit
Air terjun toroan;Positif;Strategis dan indah
Air terjun toroan;Positif;Keren abiss cuyyy
Air terjun toroan;Negatif;Kurang indah
Air terjun toroan;Positif;Sangat indah
Air terjun toroan;Positif;Murah
Air terjun toroan;Positif;Keren
Air terjun toroan;Positif;Indah
Air terjun toroan;Positif;Bagus
Air terjun toroan;Positif;Bagus
Air terjun toroan;Positif;Indah
Air terjun toroan;Positif;Kecil tapi cantik. Orang-orang sangat baik!
Air terjun toroan;Negatif;Itu adalah air terjun yang jatuh ke laut. Tidak banyak lagi yang bisa dilihat dan tidak terlalu indah, tapi cukup menarik untuk dikunjungi. Warung kecil di atas oke, dengan makanan enak. Tersedia toilet.
Air terjun toroan;Positif;Tidak apa-apa. Itu air yang jatuh ke laut, jadi keren! Akan lebih baik jika dijadikan tempat berenang dibandingkan sekedar tempat selfie. Namun untuk area ini boleh saja berhenti dan memeriksa selama 30 menit
Air terjun toroan;Positif;Air terjun yang indah.
Air terjun toroan;Positif;Cantiknya.
Air terjun toroan;Positif;Air yang indah jatuh di pantai
Air terjun toroan;Positif;Memiliki pemandangan yang bagus untuk menghilangkan stres, terutama saat matahari terbenam
Air terjun toroan;Positif;Pemandangan indah...
Air terjun toroan;Positif;Tempat yang bagus untuk dikunjungi.. Sangat direkomendasikan.
Air terjun toroan;Negatif;Tempat yang cukup bagus, tetapi perlu lebih banyak perbaikan.
Air terjun toroan;Positif;Pantai penuh yang indah dan menakjubkan
Air terjun toroan;Positif;tempat yang sejuk dan indah untuk dikunjungi
Air terjun toroan;Positif;Bagus dan sangat bagus?????? …
Air terjun toroan;Positif;Tempat yang sangat indah.
Air terjun toroan;Negatif;Air terjunnya biasa aja cuma letaknya langsung jatuh ke pantai itu yang bikin banyak orang penasaran,tempat untuk makan dan minum,toilet sudah ada tapi untuk mushola ada sih tapi bentuknya seperti gardu jaga.mestinya mushollanya dibuat jauh lebih baik agar waktu beribadah lebih nyaman.
Air terjun toroan;Positif;"Entah berapa kali mengunjungi Pulau Madura, keliling melipir jalur pantura dan mengexplore obyek wisatanya. Mengexplore dari Bangkalan hingga Sumenep. Pulau ini selalu jadi ""jujukan"" saat kawan-kawan luar Jawa datang dan ingin merasakan …"
Air terjun toroan;Negatif;Air terjun yang menarik di daerah sampang airnya yang segar bisa digunakan untuk mandi mungkin ya, nyaman untuk wisata tapi kurangnya tempat duduk yang minim
Air terjun toroan;Positif;Tempat ini salah satu andalan destinasi wisata yang ada di Kab. Sampang. Pemandangannya sangat unik ditengah laut kita bisa sekaligus melihat air terjun dari sungai yang ada di Kec. Sakobanah
Air terjun toroan;Negatif;Pertama kali kesini, panas sih. Tapi terbayarkan sama air terjun yang menghadap laut lepas
Air terjun toroan;Negatif;kesini waktu air keruh dan musim hujan, kalau volume airnya naik sangat menakutkan.
Air terjun toroan;Positif;"Lokasi.x dipinggir jalan jd gampang dicarinya.
Bs jd tempat singgah bentar menikmati suasana air terjun yang jatuh ditepi pantai."
Air terjun toroan;Negatif;Kalau kesini pas musim kemarau saja. Biar tidak licin.
Air terjun toroan;Positif;air terjun yang langsung turun ke laut luas
Air terjun toroan;Netral;Potensial untuk dikembangkan, eksotik kpd pengelola tingkatkan kebersihan
Air terjun toroan;Negatif;"Air terjun yang cukup unik karena air langsung jatuh ke pantai, sayangnya akses disini bisa dibilang masih kurang. Papan lokasi juga kurang memadai, jadi beberapa kali harus tanya-tanya ke warga sekitar. Jalur masuk cukup ""nyelempit"" …"
Air terjun toroan;Negatif;Baguuus,,sayang gak bs buat main2
Air terjun toroan;Positif;ajibbbb...pantai dgn air terjun
Air terjun toroan;Positif;Good place untuk liburan family yah. Recommended buat wisata yang satu ini
Air terjun toroan;Positif;Sunset nya yang menawan sangat dinantikan, lokasinya yang dekat dengan jalan raya memudahkan kita untuk menjangkaunya. Kurang lebih 50km dari jembatan Suramadu, jadi persiapan perbekalan dan fisik karena perjalanan yang cukup lama. Waktu …
Air terjun toroan;Positif;Pemandangan pantai yang berpadu dengan air terjun...
Air terjun toroan;Positif;Karen, Air Terjun langsung nyatu dengan  Laut.
Air terjun toroan;Positif;Harga masuk akal, ikan kerapunya enak
Air terjun toroan;Positif;Berada di jalur utara pulau madura. Air terjun ini terbentuk dari saluran irigasi sawah warga, jadi tidak di sarankan untuk bermain air di bawah air terjun.Waktu paling baik untuk ke air terjun ini adalah menjelang matahari terbenam karena …
Air terjun toroan;Positif;Satu satu air terjun yang ada di sampang madura bagian udara, air terjun ini langsung bermuara ke laut sebut saja laut jawa. Tinggi air terjun ini mungkin sekitar 5-7 meter diatas permukaan air laut. Airny terlihat biru kehijauan tetapi …
Air terjun toroan;Positif;Tempat yg cocok untuk bercengkrama dan kuliner bersama keluarga
Air terjun toroan;Positif;Wisata air terjun yg jatohnya lngsung ke pantai.. Jdi kita bisa dpet 2 wisata sekaligus. Waterfall dan pantai.. Parkir mobil 10 rbu.. Tanpa karcis masuk.. Inget tanpa krcis masuk..
Air terjun toroan;Positif;baguuss bangett asliiik ky poto kalender kalo pake background air terjun inii, air terjun di samping lautt, masuknya gratis ada tempat makan, ada bbrp spot foto
Air terjun toroan;Negatif;Perlu pengelolaan yg lebih baik dari segi fasilitas penunjang lainnya agar pengunjung lebih tertarik karena setelah berkunjung satu kali kalau kondisinya itu itu aja pasti males untuk datang lagi
Air terjun toroan;Positif;Tempatnya asyik, alami, akses masuk mudah karena hanya dipinggir jalan...tapi tlg hati-hati untuk yg membawa lansia krn naik turun tangga...kulinernya juga mantab...
Air terjun toroan;Negatif;Air terjun toroan merupakan wisata yang wajib dikunjungi untuk para wisatawan, dikarenakan lokasinya yang tidak membahayakan seperti air terjun pada umumnya. Sayangnya air terjun toroan saat ini belum banyak di kenal masyarakat, padahal air terjun toroan sangat menarik. ?? …
Air terjun toroan;Positif;Banyak spot foto, tiket masuk hny bayar parkir saja mobil 10rb n motor 5rb ad musholla kecil dan toilet
Air terjun toroan;Negatif;air terjun tempat bermain disaat kecil dulu dulu pasirnya masih utuh sekarang di keruk tiap hari yang tersisa hanya batu karang
Air terjun toroan;Positif;Tempatnya asyik ditepilaut
Air terjun toroan;Positif;Walopun prjlnn yg sgt jauh gak masalah tmpat ini perlu dikunjungi.. Sangat mempesona..air terjun Toroan ini langsung menuju ke laut... Pokoknya karunia Allah sangat luat biasa sempurna..
Air terjun toroan;Positif;Lokasinya berada di tepi laut. Merupakan air sungai yang turun langsung ke laut. Saat terbaik melihat air terjun ini adalah sore hari.
Air terjun toroan;Positif;"Sangat cocok untuk refreshing,
Menghilangkan fikiran tidak tenang akibat dari sibuk bekerja..
Inilah solusi yg pas untuk anda.. …"
Air terjun toroan;Negatif;Lumayan,tpi tidak bisa di buat untuk berenang
Air terjun toroan;Negatif;It's okay. Banyak spot2 foto diatas, di bagian bawah air terjun spot foto terbatas.
Air terjun toroan;Positif;"Inget ya, air terjunnya itu yang langsung jatuh ke pantai
Bukan yang buatan wkwk …"
Air terjun toroan;Negatif;Tempatnya cuma buat foto dan santai max paling 20org buat spot, sayangnya ga bisa buat berenang
Air terjun toroan;Negatif;Parkir kurang, menuju lokasi air terjun jalannya sangat sempit sehingga berjubel....
Air terjun toroan;Positif;Mungkin ini air terjun satu2nya di madura. Asik juga sih pemandangannya karna air terjunnya di tepi pantai... ???????? …
Air terjun toroan;Negatif;Asik untuk berlibur,tapi kurang satu gabisa renang di bawah air nya..
Air terjun toroan;Positif;Sangat cocok untuk Refresing
Air terjun toroan;Negatif;Lokasi wisata yg masih perawan,perlu sentuhan seniman agar kedepan lebih baik
Air terjun toroan;Negatif;"Ada bbrapa spot yg kurang terawat,
Toilet lebih2.."
Air terjun toroan;Netral;Untuk yg ska wisata air terjun+ pantai bisa di coba ke sne
Air terjun toroan;Positif;Tempat ini sangat sejuk dan nyaman dan wahananya sangat menyenangkan
Air terjun toroan;Positif;Air terjun di jalur pantura jawab, tepat berada di pinggir pantai
Air terjun toroan;Positif;Tujuan wisata yg lumayan searah dg pantai nepah
Air terjun toroan;Positif;"Amazing
Air terjun yang jatuh langsung ke laut
??????
Wonderful …"
Air terjun toroan;Positif;Recomended
Air terjun toroan;Negatif;Lumayan jauh tempat'e,,,,
Air terjun toroan;Positif;Masuknya gratis hanya bayar parkir kendaraan
Air terjun toroan;Positif;Panorama yg elok cocok buat rekreasi keluarga
Air terjun toroan;Positif;Air terjun yang airnya bermuara ke laut...
Air terjun toroan;Negatif;Jalan raya menuju tempatnya sempit
Air terjun toroan;Netral;Alternatif wisata pantura
Air terjun toroan;Positif;Air terjun alami yang jernih jatuh ke laut
Air terjun toroan;Negatif;Mungkin kalo bisa lebih bersih lingkungan sekitar akan lebih sipp
Air terjun toroan;Netral;Air terjun langsung ke laut lepas...
Air terjun toroan;Positif;gilasih, sunsetnyaa parah abiss ehe
Air terjun toroan;Netral;Ada toiletnya...ada musholanya..
Air terjun toroan;Positif;Airnya bening dan suasananya sejuk
Air terjun toroan;Positif;Mantp air terjun pinggir pantai
Air terjun toroan;Netral;Air terjun langsung kelaut
Air terjun toroan;Negatif;lumayan, cuma kurang tertata dengan baik
Air terjun toroan;Positif;Tempat lumayan bersih dan nyaman
Air terjun toroan;Negatif;Rugi saya datang saat sedang keruh
Air terjun toroan;Positif;Alamiah banget. Pas buat suasana wekend
Air terjun toroan;Positif;Kereeennn abiiizzz... Pengen kesana lagi...
Air terjun toroan;Negatif;Perlu sentuhan lagi agar lebih bersih
Air terjun toroan;Positif;tempatnya bersihdan rapi amazing
Air terjun toroan;Positif;Good pemandangan nya
Air terjun toroan;Positif;Sejuk, masih alami
Air terjun toroan;Positif;Mantap
Air terjun toroan;Positif;Tenang . Sepi
Air terjun toroan;Positif;Akses mudah,,, lokasi di pinggir jln
Air terjun toroan;Positif;Senang bersama teman disana
Air terjun toroan;Negatif;Okey tapi kurang perawatan
Air terjun toroan;Negatif;Tak suka
Air terjun toroan;Negatif;Kurang pengembangannya...
Air terjun toroan;Negatif;gada apa apa sih, kurang seru
Air terjun toroan;Negatif;Jauh sekali
Air terjun toroan;Positif;Temapat enak dan aman
Air terjun toroan;Netral;Buat refresh sejenak
Air terjun toroan;Positif;Puas, mantap
Air terjun toroan;Positif;Alhamdulillah
Air terjun toroan;Positif;Mantab
Air terjun toroan;Netral;Lumayan
Air terjun toroan;Positif;Sejuk
Air terjun toroan;Negatif;Biasa
Air terjun toroan;Positif;Seru banget
Air terjun toroan;Netral;Mayan
Air terjun toroan;Positif;Nyaris sempurna
Air terjun toroan;Netral;wisata alam
Air terjun toroan;Negatif;Air terjun yang sejuk di dekat pantai, tidak terlalu ramai. Orang tidak diperbolehkan mandi di air terjun. Batuannya cukup licin. Masuk gratis, hanya bayar parkir. Masih banyak hewan-hewan kecil di pantai seperti kelomang dan ikan-ikan …
Air terjun toroan;Positif;Wow
Air terjun toroan;Positif;Tempat yang Direkomendasikan
Air terjun toroan;Positif;Airnya sangat segar
Air terjun toroan;Negatif;Air yang mengalir jernih, langsung di samping laut persis jadi dapat dua keuntungan kalau kesini (suasana air terjun dan desiran ombak pesisir laut). Sayang sekali masih banyak sampah yang terbawa aliran. …
Air terjun toroan;Negatif;Jauuuuuh dari pusat kota tp jalan nya halus dan lebar. Nyaman perjalanan kesana dengan hamparan sawah yang hijau. Pantai dan mushola agak kotor
Air terjun toroan;Negatif;Akses ke sananya masih susah, syg sekali.. Jalannua jelek dan sempit.. Serta jangan malam2 karena gelap tidak ada lampu
Air terjun toroan;Negatif;Beda sama yg di foto...  Kotor sekali..
Air terjun toroan;Negatif;Datang pas air pasang, jd kurang bagus
Air terjun toroan;Negatif;Mantul, hanya saja sampahnya
Air terjun toroan;Negatif;Parkirnya Mahal
Air terjun toroan;Negatif;Sampahnya mengganggu
Air terjun toroan;Negatif;Jelek dan kotor
Air terjun toroan;Negatif;sayang sekali pas waktu berkunjung kesini debit airnya lagi tinggi dan air laitnya lagi pasang, tapi untuk tempat parkir dan kebersihan cukup bagus dan tempatnya nyaman
Air terjun toroan;Negatif;Bagus tempatnya dan dikelola dg baik,cuma butuh edukasi buat pengunjung biar ga buang sampah sembarangan. Tempatnya cukup bersih,tapi memang ada beberapa sampah kecil yg aku liat dan tidak cukup mengganggu
Air terjun toroan;Positif;tempat wisata murah meriah.ada tempat makan jg.cocok buat tempat healing coz masih sepi
Air terjun toroan;Positif;Keren n alami
Air terjun toroan;Positif;Bagus ..
Air terjun toroan;Positif;Pemandangan yg indah
Air terjun toroan;Netral;Selain wisata pantai ada juga bujuk nyai dewi sebagai wisata religi
Air terjun toroan;Netral;Air terjun toroan. Semakin berbenah. Fasilitas semakin lengkap
Air terjun toroan;Netral;Tempat nyaman buat wisata keluarga
Air terjun toroan;Netral;Tempat yg cocok untuk liburan keluarga
Air terjun toroan;Netral;tempat yang cocok untuk acara keluarga?????? …
Air terjun toroan;Positif;"Viewnya baguss,, apalagi yang doyan foto & selfie, recommended banget deh.
Air terjun yg langsug mengarah ke laut utara jawa, tapi sayang tidak diperbolehkan renang di air terjunnya. …"
Air terjun toroan;Positif;Melipir ke sini...Air Terjun Toroan adalah salah satu air terjun yg indah di Madura, buat saya unik karena air terjun ini langsung mengalir ke laut Utara Jawa. Biasanya kalo pengen liat sunset ke pantai identik sama pasir kan? Nah di Toroan …
Air terjun toroan;Positif;Tempatnya keren, ada cafenya juga... Tapi sayang kotor , air terjunnya keren dalam gak bisa buat mandi..  mungkin kotor karena di atasnya ada sungai jadi warga kampung di atasnya buang sampah sembarang an
Air terjun toroan;Negatif;Menurut saya pribadi ini tempat terbagus di madura heheee selain bukit kapur otentiknya. Aslinya kalo dilihat dr atas, sungai yg menjadi Hulu air terjun cukup kotor dan membawa sampah, tapi setelah terjun menghasilkan pemandangan yg ciamik. …
Air terjun toroan;Positif;"Lokasi sekitar 80 km dari jembatan suramadu, tp dengan jalan yg lumayan bagus dan sepi jd g trlalu bosen d jalan.
Sampai d lokasi langsung saja parkir, tidak dipungut biaya masuk lokasi air …"
Air terjun toroan;Positif;enak buat tempat istirahat sebentar,trus pemandanganx lumayan bagus dan murah meriah,,,?????? …
Air terjun toroan;Positif;"Super keren twmpat ini...

Air terjun langsung ke laut lepas
Masuknya free, cma bayar uang parkir motor 5000 aja"
Air terjun toroan;Positif;Tempatnya bagus dan sejuk. Masuk gratis. Cuma bayar parkir 5rb. Kalau ke sini cobain foto dari atas air terjunnya. Lihat pemandangan di bawah dari atas. Lokasinya deket toilet.
Air terjun toroan;Positif;Terbayarkan dengan panorama yang indah, gabungan antara air terjungan dengan pantai sangat memanjakan mata.
Air terjun toroan;Positif;Air terjunnya bagus bangett. Airnya ngalir langsung ke pantainya. Disuguhi warna air terjun yang bikin gapengen pulang. Dan disana juga menyediakan tempat makan yang nyaman banget dan bisa liat pemandangan sambil makan juga. Bagus deh pokoknya. Kalian harus kesini explore Indonesia yang cantik.
Air terjun toroan;Negatif;Air terjun ini bagus untuk fotografi. Cman kurang bagus untuk bermain air karena tempatnya banyak batu dan airnya biasanya ndak jernih. Untuk fasilitas di sini sudah mulai berbenah, toilet sudah ada. Restoran kecil kecilan juga tersedia. Jadi setelah motret bisa nongkrong makan di sini.
Air terjun toroan;Positif;Tempatnya bagus sekali, sekitar 2 jam dari Jembatan Suramadu, melalui kota Bangkalan.
Air terjun toroan;Positif;Airnya terjunnya yang indah, dan juga pemandangan lautnya yang baguss, pokoknya gak nyesel kalo kesana
Air terjun toroan;Negatif;Bagus lokasinya cuman kurang bersih di lokasi
Air terjun toroan;Negatif;Dari Suramadu, jalan menuju lokasi bagus dan beraspal semua. Lokasi wisata bersih dan cenderung agak sepi. Toilet agak jorok.
Air terjun toroan;Negatif;Bagus, air terjun dg pantai.. Apik kalo air terjun nya ndak begitu deras, dan pantai agak surut.
Air terjun toroan;Negatif;Bagus airnya hanya menataan kurang maksimal.knp Pemda g turun tangan kan itu aset daerah
Air terjun toroan;Negatif;Satu-satunya air terjun yang langsung menjorok ke laut di pulau Madura. Merupakan salah satu air terjun terindah di Madura, yang mana airnya selalu mengalir deras walaupun di saat musim kemarau. Tidak ada petugas keamanan di sini, jadi ada …
Air terjun toroan;Negatif;Bayar masuknya 10000 cuman kalo datang kesini d saran kan jangan musim hujan karena debit air terjunnya jadi besar dan keruh percuma jadi gak bisa lihat view yang bagus. Sama kadang pantainya kotor banyak sampah.. tp kalo bukan musim hujan bagus sekali
Air terjun toroan;Positif;Destinasi wisata nya bagus banged...tapi mohon hati hati y guys...di tempat ini pengunjung tidak di perbolehkan mandi...alasannya untuk menjaga alamnya tetap utuh dan bagus...selamat berkunjung.
Air terjun toroan;Negatif;Saya kira bakal bagus gimana. jalan tak terawat. sarana foto pada venue hanya sebuah jembatan buatan kecil. dengan latar belakang ibu-ibu yang sedang mandi dan mencuci ???? …
Air terjun toroan;Positif;Salah satuari terjun di madura, berada di pesisir pantai utara berjarak ±45 km dari pusat kota sampang. Menawarkan keindahan air terjun setinggi 3m yang langsung bermuara ke laut lepas sampai paparan laut utara yang mempesona sehingga waisatawan dapat menikmati sunrise pada pagi hari dan sunset pada sore hari
Air terjun toroan;Negatif;Ga keren.. masih butuh dibersihkan area utk nonton air terjunnya.. baik airnya maupun tumbuhan sekitarnya
Air terjun toroan;Negatif;"Ketempai ini pas banjiiir..  Sediiiih... Padahal bagus.. Jadinya ngeri..
Saran aja..  Kesini pas sore hari dan pas nggak musim hujan ya..
Jadi bisa lihat sunset,  air terjun dan pantai sekaligus"
Air terjun toroan;Negatif;Bagus, cuma airnya kurang jernih karena hujan deras sebelumnya, semoga sampah dipantainya bisa dibersihkan...
Air terjun toroan;Positif;Tempat asyik untuk bersantai bersama keluarga sambil menikmati indahnya deburan ombak dan gemericik air terjun
Air terjun toroan;Positif;Tempat bagus buat foto2
Air terjun toroan;Positif;Ya perlu dimaksimalkan pengelolaannya karena tempat ini sangat bagus sbg anugerah Allah perlu disyukuri
Air terjun toroan;Positif;Bagus.. Asyik ..banyak bebatuan yg bisa buat duduk2 sambil  main air & buat foto2an
Air terjun toroan;Negatif;Disarankan lebih bagus pas musim kemarau. Airnya jernih, kalau musim penghujan airnya keruh
Air terjun toroan;Positif;Air terjun-nya bagus dan enak buat selfi, Pantai-nya juga sangat bagus suasananya juga mendukung.
Air terjun toroan;Positif;Tempat nya bagus
Air terjun toroan;Negatif;Air terjunnya bagus tapi sayangnya sekitar kurang terawat
Air terjun toroan;Positif;Air terjunnya keren deket laut tinggal dijaga dengan baik
Air terjun toroan;Positif;Air terjun yang langsung mengalir ke lautan dipadu dengan sunset yang indah, luar biasa.
Air terjun toroan;Negatif;Air terjun yang indah..namun sayangnya belum dikelola secara optimal..
Air terjun toroan;Negatif;Bagus, tapi kotor byk sampah. Mhon pemerintah setempat mengelola dgn baik
Air terjun toroan;Positif;Pemandangannya sangat bagus. Air terjunnya  tinggiiiiiii
Air terjun toroan;Negatif;klo musim hujan kurang bagus air nya g jerni .....
Air terjun toroan;Positif;Amazing place...bagus untuk tadabur alam, tp tdk untuk mandi...
Air terjun toroan;Positif;Karna tempatnya sejuk dan bagus Untuk menenangkan fikiran
Air terjun toroan;Positif;Indah,,,
Air terjun toroan;Positif;Bagus. Cuma jauh bangetttt. G terbalas dengan capekknya di jalan
Air terjun toroan;Positif;Pemandangannya bagus
Air terjun toroan;Positif;Air Terjun yang indah yg airnya langsung ke laut, lokasi ketapang sampang madura
Air terjun toroan;Positif;Bagus banget aku suka??pengen liburan ke madura lagi bareng keluarga …
Air terjun toroan;Positif;Bagus view photo karena langsung turun ke laut
Air terjun toroan;Positif;Tempat ini bagus dan juga memberiku kenangan indah yang tak terlupakan
Air terjun toroan;Positif;"Mantap, sejuk dan indah
Oke la pokoknya..."
Air terjun toroan;Positif;Sungguh indahnya melihat air terjun ini
Air terjun toroan;Positif;"Tmpatnya yg alami,,,
Bagus buat hunting..?? …"
Air terjun toroan;Positif;Tempat dan pemandangannya sungguh bagus
Air terjun toroan;Negatif;Tempat bagus si,  tapi kurang terawat
Air terjun toroan;Negatif;Tempatnya bagus, cm belum dikelola dengan baik
Air terjun toroan;Positif;Salah satu Tempat Keren di Madura. deket Laut dan jalan Aspal juga
Air terjun toroan;Positif;Bagus indah masuknya cuman 10000
Air terjun toroan;Negatif;Bagus,  tpi sayang kurang kerawat
Air terjun toroan;Positif;Pemandangan indah, butuh sentuhan tangan pemangku kekuasaan
Air terjun toroan;Positif;Bagus, air terjun ke pantai
Air terjun toroan;Positif;Air terjunnya indah
Air terjun toroan;Positif;Air terjun yg indah
Air terjun toroan;Negatif;Masih bisa digarap lebih bagus lg
Air terjun toroan;Positif;Temapatnya indah dan sangat strategis
Air terjun toroan;Positif;Klo madura sungguh indah sekaliy
Air terjun toroan;Positif;Bagus unik alami
Air terjun toroan;Positif;Karna tempatnya sangat indah
Air terjun toroan;Positif;Tempatnya bagus
Air terjun toroan;Positif;Lumayan bagus
Air terjun toroan;Positif;Air yg indah
Air terjun toroan;Positif;Sangat indah dan bangus
Air terjun toroan;Positif;Indah sekali
Air terjun toroan;Positif;Sangat indah
Air terjun toroan;Positif;Keren,, instagramable..
Air terjun toroan;Positif;Keren tempatnya
Air terjun toroan;Positif;Keren
Air terjun toroan;Positif;Bagus
Air terjun toroan;Positif;Indah
Air terjun toroan;Positif;Bagus
Air terjun toroan;Positif;Bagus
Air terjun toroan;Positif;Indah
Air terjun toroan;Positif;indah
Air terjun toroan;Positif;Karena bagus
Air terjun toroan;Positif;Madura keren
Air terjun toroan;Positif;Air terjun mini terbaik! Meski butuh 3 hingga 4 jam untuk sampai ke sana dari surabaya. Tapi it's worth it, ada pemandangan matahari terbenam yang bagus dan air segar dari air terjun, air terjun itu sendiri jatuh ke laut dan memiliki pemandangan air yang jernih. Bagus!
Air terjun toroan;Positif;Tempat yang damai dan indah! Waktu terbaik ke sini adalah saat matahari terbenam (sayangnya, saya tidak bisa melihat matahari terbenam di sana karena saya pergi ke sana saat musim hujan). Tapi berfoto di sini saat jam biru juga bagus. Saya …
Air terjun toroan;Positif;air terjun kecil, namun aksesnya mudah, dekat jalan umum. panorama saat matahari terbenam sangat indah. anda bisa turun ke bawah air terjun untuk mengambil beberapa gambar, namun hati-hati karena disekitar sana banyak terdapat bebatuan. …
Air terjun toroan;Positif;tempat yang bagus untuk beristirahat ketika Anda sedang dalam perjalanan panjang
Air terjun toroan;Positif;Akses mudah, area cukup bersih, air jernih, air terjun tepat di pinggir pantai. Tempat yang bagus untuk foto-foto dan bersantai di tepi pantai dengan air terjun yang mengalir di belakang. Gratis, hanya biaya parkir. Tersedia toilet, kamar mandi, dan Mushola dengan peralatan sholat di dalamnya (Alquran, mukena, sarung, dll)
Air terjun toroan;Negatif;Sebagai pemandangan yang sangat indah dianggap air terjun dari tanah yang turun ke laut, masalahnya air air terjun itu mengalirkan kotoran ke dalamnya, karena sangat tercemar, kebersihannya harus dijaga. tidak ada rumah peristirahatan atau kafe di dekatnya.
Air terjun toroan;Positif;Pemandangan yang bagus.. Luar biasa
Air terjun toroan;Positif;tempat yang bagus
Air terjun toroan;Positif;Bagu jgk ya payment danga pun bagus
Air terjun toroan;Positif;Ada tempat yang bagus untuk perjalanan Anda di pulau
Air terjun toroan;Negatif;Perlu lebih banyak fasilitas untuk mengambil gambar yang bagus
Air terjun toroan;Netral;Air terjun air tawar yang bagus ke Laut Jawa.
Air terjun toroan;Positif;Tempat yang bagus untuk berburu foto dengan inspirasi liar
Air terjun toroan;Positif;Bagus
Air terjun toroan;Positif;Air terjun yang bagus
Air terjun toroan;Positif;Air terjun yang indah
Air terjun toroan;Positif;Cantik
Air terjun toroan;Positif;Toroan Waterfall is Waterfall that directly meet sea. Actually even this place is small but it's quite beautiful place. Now days this place is really crowded by many local tourist and there's trash everywhere. This place looks like is still …
Air terjun toroan;Positif;Lokasinya berada di pinggir jalan pantura Madura sehingga sangat mudah dijangkau. Pertama kali sampai, pemandangan laut biru menyambut. Air Terjun Toroan memiliki keunikan menghadap langsung ke laut. Untuk menuju lokasi air terjun kita …
Air terjun toroan;Positif;Suasananya nyaman.  Dari kota sampang ke sini butuh waktu  kurang lebih jam.  Disini terdapat 3 air terjun   1 lebar dan 2 kecil. Rekom buat teman teman yang ada di daerah sekitar sampang.  Bisa buat memajakan mata.  Foto di ambil saat siang hari.  Eh iya harga parkir nya juga standar kok.
Air terjun toroan;Positif;Air terjun toroan, dilengkapi fasilitas musholla, toilet, warung makan kadang buka kadang tutup, mudah terlihat dari jalan raya. Wisata masih alami hanya kena parkir R4 10.000, R2 5000. parkir luas dan nyaman.
Air terjun toroan;Positif;Anda lewat pantura madura, rasanya kurang lengkap tanpa mampir di air terjun toroan tepatnya di ketapang timur kabupaten sampang, air terjunnya langsung jatuh ke laut dan satu-satunya di madura dan sekarang sudah ada rest area, tempat parkir, rumah makan serta toilet
Air terjun toroan;Positif;Menarik, menyenangkan ada tempat makan lesehan utk sekedar istirahat dn mengisi perut dg pemandangan pantai sipp
Air terjun toroan;Negatif;amazing! suara debur ombak + gemuruh air terjun bener2 bikin fresh! sayang kurang terawat.. semoga pemda ada perhatian untuk mengeksploitasi air terjun toroan sbg destinasi wisata utama sampang
Air terjun toroan;Netral;Air terjun yg langsung bermuara di laut,  untuk kesini bisa menghubungi kami..
Air terjun toroan;Positif;Good scenery,air terjun yg langsung bermuara ke laut,gag bakal nyesel
Air terjun toroan;Positif;Seru banget.... Sangat memicu adrenaline apalagi saat ambil gambar dr atas air terjunnya...
Air terjun toroan;Positif;Wisata yang cocok buat kalian yang suka foto - foto dan refreshing
Air terjun toroan;Negatif;Sarana dan prasarana masih harus terus ditambah sih. Dikelola lebih baik lagi. Agak panas banget daerahnya... Kurang tempat* berteduh ...hihi . Tp okelah untuk mampir tipis tipis...
Air terjun toroan;Negatif;Masih perlu pembenahan disana sini utk memudahkan pengunjung menuju sekitar lokasi tp setiap kesini selalu ada kemajuan
Air terjun toroan;Netral;Air terjun langsung mengarah ke laut
Air terjun toroan;Positif;Wisata alam yang dikelola secara alami oleh warga sekitar. Lokasinya dipinggir jalan dengan pentunjuk yang mudah terlihat. Air terjun ini langsung menuju laut jadi untuk foto kita harus menuruni tangga menuju pinggir laut jadi apabila …
Air terjun toroan;Positif;Rame disini, kalo cari kulineran disini banyak. Tapi seru kalo ke air terjunnya, kalo lagi pasang kayaknya sangat engga disarankan untuk mandi di air terjunnya. Cukup bayar parkir kendaraan disini. Lahan parkirnya juga luas bias motor dan mobil, bus pariwisata juga bisa.
Air terjun toroan;Netral;Air terjun di pinggir pantai.. Spot wajib para landscaper longexposure mania
Air terjun toroan;Positif;Air Terjun yang unik karena aliran airnya langsung menuju ke laut. Termasuk wisata 2 in 1 karena selain air terjun kita juga bisa menikmati pantainya. Nilai tambahnya air terjun ini terletak tidak jauh dari jalan raya.
Air terjun toroan;Positif;Air terjun langsung ke pantai.. menakjubkan.. kereen
Air terjun toroan;Positif;Berada di arah timur Ketapang Daya hampir mendekati Ketapang bagian Timur. Letak geografis yang mumpuni membuat para travellers yang hendak pergi ke air terjun ini menjadi lebih mudah untuk dilalui. Sejalan dengan masyarakat disekitar …
Air terjun toroan;Netral;"Sabtu kmarin kesini... Oke lah.. Namun langit tak menampilkan warna senja nya.

Btw Sarung ku ketinggalan di Mushola hhiks,  tapi tak apalah mungkin ditakdirkan …"
Air terjun toroan;Netral;Jangan Pernah Lelah Mencintai IndONEsia
Air terjun toroan;Positif;Satu-satunya Air Terjun di Kabupaten Sampang, dan Pulau Madura. ada tempat parkirnya, untuk bukanya dari pagi sampai sore, bisa mendirikan tenda. spot sunset dan ada juga yang menjual makanan disana.
Air terjun toroan;Positif;Sekarang untuk tempat parkir dan rute ke toroan sudah gampang
Air terjun toroan;Positif;Tempat terbaik buat sunrise sunset
Air terjun toroan;Positif;Tempatnya dikelola dengan baik... Semoga seterusnya begitu...
Air terjun toroan;Positif;Air terjun kebanggaan masyarakat sampang pada umumnya, dan masyarakat Ketapang pada khususnya. Lokasi sudah mulai banyak perkembangan, sudah terkelola dengan baik.
Air terjun toroan;Positif;Amazing banget air terjun bertemu langsung dengan laut lepas, dan airnya yang jernih memanjakan mata setiap wisatawan yang hadir
Air terjun toroan;Negatif;"Akses mudah
Tempat sangat mengesankan
Tapi sayang,karena dipesisir cuaca agak panas …"
Air terjun toroan;Negatif;Tempatnya masih alami. Sip banget tempat parkirnya nyaman sayang tempat jualan makanan cuman sedikit. Kalau bisa bawa perbekalan dulu sebelum menuju kesini
Air terjun toroan;Negatif;Sebaiknya wisata alam biarlah tetap alami, tanpa perlu dibangun ini itu. Bangunan malah bikin rusak
Air terjun toroan;Negatif;Lumayan buat refreshing. Tapi naik turun tangga menuju spotnya cukup menguras tenaga haha..
Air terjun toroan;Positif;Menurut saya cakep banget klo sore pemandangan nya sangat mendukung sekali
Air terjun toroan;Positif;"Nampak beberapa nelayan dan pemancing
Ada tulisan dilarang mandi?? di air terjun …"
Air terjun toroan;Negatif;Panorama alamnya lumayan, sayangnya pantainya karang semua. Pasirnya dikeruk warga dan dijual
Air terjun toroan;Positif;Bagi pecinta alam cocok ya,tapi kalau habis hujan harap hati hati?? …
Air terjun toroan;Positif;Air terjun menuju laut..  Cipratan jatuhnya air... Sejuk..
Air terjun toroan;Negatif;Wisatanya kurang dirawat. Tidak bersih.  Cenderung biasa saja.  Jika kesini disarankan pagi hari saja
Air terjun toroan;Positif;Baru kali ini aku melihat air terjun langsung kelaut....takjub
Air terjun toroan;Positif;Mantap kan bro :v
Air terjun toroan;Negatif;kurang terawat, fasilitas minim. jarak toilet dengan venue lumayan jauh.
Air terjun toroan;Positif;Tempat mudah terjangkau, mungkin kalau lebih bersih sedikit pasti nyaman
Air terjun toroan;Positif;Air terjunnya langsung k laut mantab deh pokoknya
Air terjun toroan;Positif;Obyek foto yang ciamik ?????? …
Air terjun toroan;Positif;Sangat damai suasananya sejuk pemandangan
Air terjun toroan;Positif;Eksotik..
Air terjun toroan;Positif;Masih alami & bersih
Air terjun toroan;Netral;Wisata air terjun turoan
Air terjun toroan;Positif;Sangat seruu
Air terjun toroan;Negatif;Lokasinya mudah dijangkau,  tidak ada tiket masuk
Air terjun toroan;Netral;Sulit ada air terjun jatuhnya ke laut
Air terjun toroan;Positif;Baik untuk penelitian ...!
Air terjun toroan;Positif;air terjun yang menarik langsung ke pantai
Air terjun toroan;Negatif;Biasa saja
Air terjun toroan;Netral;Wisata air terjun yg ada d Madura
Air terjun toroan;Positif;Air nya dingin seger banget
Air terjun toroan;Positif;Intinya Suka Banget Sama Air Terjun Itu ???? …
Air terjun toroan;Negatif;Biasa aja..dilarang nyemplung berenang
Air terjun toroan;Positif;Mencari sunset..
Air terjun toroan;Netral;Soal nya Satu2 nya air turjun di madura
Air terjun toroan;Netral;Air terjun langsung pinggir pantai
Air terjun toroan;Positif;Air terjun di padu sama laut
Air terjun toroan;Negatif;Cakep pada bulan 2 tertentu saja
Air terjun toroan;Netral;Niagara KW ???? …
Air terjun toroan;Negatif;Gelombang lautnya lumayan besar
Air terjun toroan;Netral;Salah satu destinasi wisata d Sampang, Madura
Air terjun toroan;Positif;Air terjun Toroan Memang Mantap
Air terjun toroan;Positif;Tempat ini nyaman untuk berwisata
Air terjun toroan;Negatif;airnya kurang bersih
Air terjun toroan;Netral;lokasi terlihat dr jalan raya
Air terjun toroan;Netral;Bisakah mobil masuk
Air terjun toroan;Positif;Air terjun toroan seruuuu....?? …
Air terjun toroan;Negatif;Masih dalam tahap perbaikan
Air terjun toroan;Positif;Sederhana.... Natural.... Tapi exotic
Air terjun toroan;Netral;Lumayan
Air terjun toroan;Positif;Tempat yg enak unt santai
Air terjun toroan;Netral;Obyek Legendaris di Pantai Utara Madura
Air terjun toroan;Negatif;???????? …
Air terjun toroan;Positif;Tempat terjangkau
Air terjun toroan;Positif;Air terjun so beautiful
Air terjun toroan;Negatif;Kurang terawat
Air terjun toroan;Netral;Air terjun Toroan ketapang
Air terjun toroan;Negatif;Biasa aja...
Air terjun toroan;Positif;Tenang ...
Air terjun toroan;Negatif;Tempat gitu tok
Air terjun toroan;Positif;Favorit para wanita..?????? …
Air terjun toroan;Negatif;Mengecewakan
Air terjun toroan;Positif;Apik
Air terjun toroan;Positif;Waw
Air terjun toroan;Positif;Mantap
Air terjun toroan;Positif;Tenang
Air terjun toroan;Positif;Eksotik
Air terjun toroan;Positif;Sejuk
Air terjun toroan;Positif;Alami
Air terjun toroan;Positif;Top banget
Air terjun toroan;Positif;Sip
Air terjun toroan;Positif;Sip
Air terjun toroan;Positif;layak dikunjungi
Air terjun toroan;Positif;Buaguss Buangett... ?? …
Air terjun toroan;Positif;View mantab
Air terjun toroan;Negatif;Air Terjun Toroan merupakan salah satu destinasi wisata di Sampang. Letaknya dekat dengan pasar tradisional Ketapang. Air terjun ini dekat dengan pantai sehingga airnya akan mengalir ke laut. Tempat ini tidak disarankan untuk anak-anak karena tidak cukup area bermain dan dilarang berenang di sini.
Air terjun toroan;Positif;Air terjun unik. Airnya langsung jatuh ke laut/pantai. Inilah air terjun terbesar di Madura. Kita harus sangat berhati-hati saat berjalan di sekitar pantai dekat air terjun. Jangan pernah berenang di bawah air terjun.
Air terjun toroan;Negatif;Sungai mengalir ke laut membentuk air terjun, airnya tidak terlalu bersih, dan biaya parkir 10.000
Air terjun toroan;Positif;Salah satu spot foto terbaik di madura
Air terjun toroan;Positif;Tempat luar biasa untuk pecinta lanskap
Air terjun toroan;Negatif;Benar-benar tidak seperti yang saya harapkan, air terjunnya sangat kecil dan kami tidak bisa berenang juga tidak terlalu direkomendasikan.
Air terjun toroan;Netral;Air terjun mini di utara Pulau Madura..
Air terjun toroan;Netral;Air yerjun toroan sampang
Air terjun toroan;Positif;Tidak apa-apa untuk perhentian yang menyenangkan dan bahkan untuk hidangan lezat!
Air terjun toroan;Positif;Sunyi, lingkungannya benar-benar tenang, asri, dan udaranya segar.
Air terjun toroan;Positif;Saya menyarankan Anda untuk mengunjungi tempat ini jika Anda berada di madura
Air terjun toroan;Negatif;Tidak banyak yang bisa dilakukan, hanya mengambil beberapa foto
Air terjun toroan;Netral;Juga ups
Air terjun toroan;Positif;Yang terbaik
Air terjun toroan;Negatif;Tempatnya cukup menyeramkan
Air terjun toroan;Negatif;Itu tidak luar biasa kau tahu
Air terjun toroan;Negatif;Tempat Air terjun nya tidak terawat masih banyak sampah berserakan.
Air terjun toroan;Negatif;lokasi dan spot alam yg menarik. tp sayang terlihat kumuh dan kotor. seharusnya jd tugas pemerintah setempat untuk mengelola dgn baik.
Air terjun toroan;Negatif;Airnya kotor dan sangat deras jika musim hujan
Air terjun toroan;Negatif;Masih bnyak sampah yg berserakan
Air terjun toroan;Negatif;Jelek
Air terjun toroan;Negatif;Perjalanan yang sangat jauh dari Bangkalan dengan permukaan yang tidak rata. Air sangat kotor / keruh dan tidak banyak ruang untuk mengambil foto! Tidak menyangka itu sebenarnya lebih buruk daripada foto di pencarian Google. Tidak akan merekomendasikan tempat ini untuk dikunjungi.
Air terjun toroan;Positif;"Tempat yg bagus..
Air terjun alami..
Suasana adem.. …"
Air terjun toroan;Positif;"Tiket masuk 5000/orang
Parkir mobil 5000
Sudah di kelola dengan lebih baik daripada bbrp tahun lalu. Ada kamar mandi, …"
Air terjun toroan;Positif;Sangat unik mungkin satu-satunya di Nusantara air terjun langsung ke laut. Mirip yang saya lihat di Jeju Korea Selatan
Air terjun toroan;Netral;Pengalam jadi orang bodoh itu tidak wajib
Air terjun toroan;Negatif;Tempatnya bagus tetapi agak kotor. Ada limbah tebu yang sepertinya dibuang di sekitar area sehingga ada bau tidak sedap yang tercium. Kalau areanya bersih, akan lebih menyenangkan menghabiskan waktu di sana.
Air terjun toroan;Positif;Bagus bgt..
Air terjun toroan;Positif;Pemandangan yang bagus untuk santai dengan keluarga
Air terjun toroan;Positif;Indah dan asri
Air terjun toroan;Positif;Tiketnya sangat murah dan air terjunnya cukup menarik
Air terjun toroan;Positif;Kennengennah nyaman cellep
Air terjun toroan;Positif;Pemandangannya bagus tempatnya nyaman. Tetapi sangat di sayangkan dialiran air terjun masih banyak sampah sampah plastik yang berserakan, alangkah lebih baik pengelola dapat membersihkan sampah sampah tersebut agar pemandangan jauh lebih baik lagi
Air terjun toroan;Positif;Bagus sekali
Air terjun toroan;Negatif;Kondisi setelah hujan, airnya jadi kecoklatan
Air terjun toroan;Positif;Tempat terbaik untuk dikunjungi, saya suka lokasi ini
Air terjun toroan;Negatif;menyesap
Air terjun toroan;Positif;gak rugi datang kesini
Air terjun toroan;Positif;pemandangan yang sangat indah, cocok juga untuk orang orang luar kota yang berlibur di air terjun ini, Dan biayanya cukup murah.
Air terjun toroan;Negatif;Tempatnya bagus sejuk adem cuman perjalanannya aja yang agak melelahkan
Air terjun toroan;Positif;Bagus untuk dikunjungi
Air terjun toroan;Positif;Patut dicoba, masih sangat alami, sebelum masuk infokan ke petugas airnya ada, krn kalau musin kemarau suka kecil debit air terjunnya
Air terjun toroan;Negatif;Kurang baik pengelola lokasi
Air terjun toroan;Netral;Info kontrak an dekat sini ?? …
Air terjun toroan;Positif;Sangat senanng dan bahagia
Air terjun toroan;Netral;Toro'an dekat rumah saya
Air terjun toroan;Positif;Siip
Air terjun toroan;Positif;Tempat nya nyaman banget... Menu ikan bakar nya mantap banget.. Sering juga kesini...
Air terjun toroan;Positif;Mantap viewnya bagus banget, terlihat masih asri dan air terjunnya langsung ke pantai
Air terjun toroan;Positif;Tempatnya bagus tolong di tambahkan tempat buat spot spot foto selain air terjunnya dan taman main untuk anak bisa di rekomendasi kan.
Air terjun toroan;Positif;Kesana pas airnya deres banget. Tapi keren, bagus pemandangannya
Air terjun toroan;Positif;Tempat nya baguss,  pantai yang ada air terjun nya..  Untuk biaya masuk 5.000 perorang dan parkir motor hanya 5.000. Kesana paling enak pagi pas air surut jadi bisa foto di spot² yang bagus..
Air terjun toroan;Negatif;Pemandangan cukup bagus kebersihan lumayan bagus Smg LBH ditingkatkan lagi dg fasilitas yg bagus bisa bersaing dg wisata lainnya
Air terjun toroan;Positif;Hanya 2,5 jam dari Surabaya, leat jalur pantura Madura, jalan beraspal halus dan bagus. Sangat dekat dan bagus sekali. Jangan berenang dan mandi disana. Berbahaya, Foto-foto dan lihat2 saja, Bagus, ada cafe, musholla, kamar mandi. Parkir …
Air terjun toroan;Positif;Air Terjun Yg Bagus, Banyak Spot Foto Yg Keren'
Air terjun toroan;Positif;"Tiket masuk murah sekali hanya 5 ribu saja, pantai bagus, air terjun juga manambah panoroma yg langka..biasanya jarang ada air terjung dekat pantai cuma kisaran 50m..dari pantai, dan pantai banyak batu karang; bagus untuk selfi.."
Air terjun toroan;Positif;Tempatnya cukup bagus dan ada cafee dan toilet..
Air terjun toroan;Positif;Satu satunya air terjun di madura yang airnya terjun dari sungai langsung ke laut...bagus banget...kulinernya  mantap...yg recomended ikan bakar kembung maknyus
Air terjun toroan;Positif;Tempat bagus buat spot foto2 pinggir laut, ada air terjun. Bersih dan dilengkapi dengan tempat makan. Karcis juga murah cuma 5k.
Air terjun toroan;Positif;Salah satu keunikannya adalah air terjun yang langsung mengalir ke laut sehingga keindahannya sangat memanjakan mata. salah satu tempat wisata unit andalan kabupaten sampang madura, jarang ditemui di tempat lain
Air terjun toroan;Positif;Tempat wisata dg panorama dan pemandanganyg sangat indah ... air terjun yg bermuara tepat dibibir pantai utara pulau madura sangat cocok utk tujuan wisata keluarga ?????? …
Air terjun toroan;Positif;Tempat yang bagus dan indah
Air terjun toroan;Negatif;Bagus tempatnya... Kalau mau kesini jgn pas hujan atau setelah hujan, krn air nya agak kotor
Air terjun toroan;Negatif;Tempat nya bagus dan instagramable banget, cuma kalau pas hujan airnya agak kotor....
Air terjun toroan;Positif;Lokasi mudah dijangkau dgn pemandangan yang sangat indah.
Air terjun toroan;Positif;Tempat nya bagus ... Air terjun yang langsung kelaut.
Air terjun toroan;Positif;Sangat Indah??
Air terjun toroan;Positif;Tempat wisata yang bagus, bersih dan masih terkoordiner dengan baik
Air terjun toroan;Positif;Pantai yang ada air terjunnya...bagus banget pokoknya ?????? …
Air terjun toroan;Positif;Cocok untuk istirahat ngopi dan juga tempatnya indah untu Selfi.
Air terjun toroan;Positif;Tempatnya nyaman dan indah... Pokoknya gak bikin kita kecewa... ???????????????????????? …
Air terjun toroan;Positif;Tempatnya bagus ???? …
Air terjun toroan;Positif;Sangat bagus indah dan sedikit panas
Air terjun toroan;Positif;Tempatnya bagus. HTM murah.
Air terjun toroan;Positif;Keren, air terjun langsung k laut Jawa
Air terjun toroan;Positif;Pemandangan yg amat indah
Air terjun toroan;Positif;Lumayan keren
Air terjun toroan;Positif;Tempatnya bagus
Air terjun toroan;Positif;Lumayan bagus
Air terjun toroan;Positif;Sungguh bagus banget
Air terjun toroan;Positif;Bagus
Air terjun toroan;Positif;Unik dan cantik
Air terjun toroan;Positif;Bagus
Air terjun toroan;Positif;Bagus
Air terjun toroan;Positif;Bagus
Air terjun toroan;Positif;Indah
Air terjun toroan;Positif;Bagus
Air terjun toroan;Positif;"pemandangan air terjun yang bagus dan area berada di jalan utama sehingga aksesnya sangat mudah.
tiket masuk gratis tapi untuk parkir mobil harus membayar 10.000 rupiah per …"
Air terjun toroan;Positif;Air terjun yang bagus dan menarik langsung menuju ke laut. Permasalahannya adalah banyaknya sampah di laut dan bebatuan di sekitar air terjun/pantai. Ebtry murah hanya 5 ribu. Jika Anda pergi ke sini, tolong jangan membuang sampah …
Air terjun toroan;Positif;Tempat yang bagus untuk fotografer lanskap ?????? …
Air terjun toroan;Positif;Tempat ini indah dan nyaman
Air terjun toroan;Positif;pemandangan yang bagus
Air terjun toroan;Positif;Cantik & keren
Air terjun toroan;Positif;Bagus
Air terjun toroan;Positif;Air Terjun Toroan. Satu satunya air terjun yg ada di Madura. Yang mana sumbernya dari mata air alami yang langsung turun ke Laut. Lokasi air terjun ini berada di Desa Ketapang Timur Kecamatan Ketapang Kabupaten Sampang Madura. Lokasinya tepat di Pinggir jalan mempermudah wisatawan untuk berkunjung ke tempat ini.
Air terjun toroan;Positif;Tempatnya nyaman lesehan, makanannya lumayan banyak menu yg disajikan tentunya pinggir laut jadi dapat pemandangan sekaligus bisa menyantap hidangan
Air terjun toroan;Negatif;Air terjun turoan. Air terjun yg mengarah langsung ke pantai. Fasilitas lengkap ada mushola, parkir luas.tp sayang tidak boleh berenang di area air terjun.lumayan untuk liburan menikmati alam.
Air terjun toroan;Positif;Tempat makan ikan bakar yang enak di pinggir jalan dan menghadap ke pantai
Air terjun toroan;Negatif;"lumayan laah
.perlu ditambahkan bridge depan bawah air terjun nya ..."
Air terjun toroan;Negatif;Air terjun muara sungai yg  cukup curam ,
Air terjun toroan;Positif;"Parkir 5k
Tiket 5k"
Air terjun toroan;Negatif;Gosok sedikit lagi
Air terjun toroan;Positif;Berdasarkan hasil wawancara kepada warga sekitar, Air Terjun Toroan menyimpan kisah tentang suami istri yang sama sakti antara Sayyid Abdullah dan Siti Marwah yang kini menjadi Buju' Panyeppen (sang istri) dan Makam Tinggi (sang suami). …
Air terjun toroan;Positif;PENGELOLA TEMPAT WISATA NYA RAMAH. TEMPATNYA SEJUK.
Air terjun toroan;Positif;Satu2nya yg saya tau, air terjun dari sungai turun langsung ke laut
Air terjun toroan;Netral;Kontrakan terkuat di bumi
Air terjun toroan;Positif;Bisa di bilang satu²nya air terjun di pulau madura...???? …
Air terjun toroan;Positif;kuliner ikan bakar lesehan mantaapp dan enak, bukber mantap tempatnya
Air terjun toroan;Negatif;Di keterangan Gratis, pas masuk dikenai tarif tiket 10.000
Air terjun toroan;Negatif;Hanya saja  tempat nya kurang terawat
Air terjun toroan;Positif;Kenangan masa sma dulu..saat masih natural tak terjamah
Air terjun toroan;Positif;Sangat memuaskan...view g kalah sama bali
Air terjun toroan;Positif;smakin berkembang mnjadi wisata pilihan muda mudi
Air terjun toroan;Positif;Pemandangannya enak sejuk di rasakannya
Air terjun toroan;Netral;Air terjun yang langsng turun ke laut
Air terjun toroan;Positif;View buat selpie ok banget
Air terjun toroan;Negatif;Kurang di kelola dengan baik sayang sekali
Air terjun toroan;Netral;Lumayan
Air terjun toroan;Positif;Mudah menemukan lokasi yang diinginkan
Air terjun toroan;Positif;Kopi rempah nya enak
Air terjun toroan;Positif;suasana alamnya masih asri
Air terjun toroan;Positif;Menakjubkan
Air terjun toroan;Positif;Ok banget
Air terjun toroan;Netral;Sesuai
Air terjun toroan;Netral;Tempat buat bengong
Air terjun toroan;Negatif;Banyak nyamuk
Air terjun toroan;Netral;Lumayan lah
Air terjun toroan;Positif;mantap
Air terjun toroan;Positif;Kereenn
Air terjun toroan;Negatif;Ditambah  pelestariannya
Air terjun toroan;Positif;Unik dan Seru..
Air terjun toroan;Positif;Mantap
Air terjun toroan;Netral;Madura
Air terjun toroan;Positif;Menyenangkan
Air terjun toroan;Netral;Mengesahkan
Air terjun toroan;Positif;"Air terjun buatan manusia, itu adalah luapan yang dialihkan dari sungai terdekat ke laut. Meskipun cerdik. Perlu berjalan menuruni tangga 50 langkah. Ada area kecil di mana orang bisa menikmati ""air terjun"""
Air terjun toroan;Negatif;Datang ke sini beberapa kali selama 5 tahun terakhir. Terlihat jauh lebih berkembang dan bersih. Makanannya enak dan tempat parkirnya cukup aman. Pelayanan di restoran tidak ramah pada kunjungan terakhir saya.
Air terjun toroan;Netral;Sayang gak kerja ???????? …
Air terjun toroan;Netral;Mereuen
Air terjun toroan;Positif;Besar
Air terjun toroan;Positif;Murni
Air terjun toroan;Netral;Atas
Air terjun toroan;Negatif;"Air terjun yg tidak terlalu tinggi. Mengalir langsung ke laut.
Waktu kesana banyak sampah di pinggiran laut
Meski demikian semoga tetap mendapatkan barokah dari wali yg ada sana?? …"
Air terjun toroan;Negatif;Destinasi wisata unik di bagian utara pulau madura... Air terjun ke laut... Cocok untuk tempat hunting sunset... Cuma air lautnya sangat kotor tdk bisa dipakai main anak2 (kurang th juga apa mungkin pada waktu2 tertentu saja).... Harga …
Air terjun toroan;Negatif;"Tempat foto""nya kurang dan kotor lagi banyak sampah""nya dan sampahnya di bakar, di dekat jalan evaluasi..."
Air terjun toroan;Negatif;Kotor, kebersihan area tidak dijaga
Air terjun toroan;Negatif;Parkirannya kemahalan
Air terjun toroan;Negatif;sangat mengecewakan, semuanya tidak diperlakukan dengan baik. Banyak sampah di mana-mana di lantai, airnya berwarna coklat dan kotor. saya tidak mengerti mengapa peringkatnya 4 tho ??. sangat berbeda dengan gambar di google, di mana airnya …
